ST	clonal_complex	phylogroup	phylogroup_consistency	n_genomes	n_pks_pos	pks_fraction	n_clbS_pos
1	NA	NA	NA	2	0	0.0000	0
2	NA	NA	NA	33	0	0.0000	2
3	ST20_Cplx	B1	1.000	31	0	0.0000	0
4	ST10_Cplx	A	1.000	13	0	0.0000	0
5	ST13_Cplx	NA	NA	1	0	0.0000	0
6	NA	A	1.000	72	0	0.0000	0
7	NA	B1	1.000	3	0	0.0000	0
10	ST10_Cplx	A	1.000	4571	12	0.0026	16
11	ST11_Cplx	E	1.000	2150	1	0.0005	1
12	ST12_Cplx	B2	1.000	521	485	0.9309	501
13	ST13_Cplx	NA	NA	56	0	0.0000	0
14	ST14_Cplx	B2	1.000	111	72	0.6486	72
15	NA	B2	1.000	16	0	0.0000	0
16	ST29_Cplx	B1	1.000	1276	0	0.0000	0
17	ST20_Cplx	B1	1.000	885	0	0.0000	0
19	NA	B2	1.000	10	0	0.0000	0
20	ST20_Cplx	B1	1.000	41	0	0.0000	0
21	ST29_Cplx	B1	1.000	1362	0	0.0000	0
23	ST23_Cplx	A	1.000	134	0	0.0000	0
25	NA	B1	1.000	104	0	0.0000	0
26	NA	NA	NA	27	0	0.0000	0
28	ST28_Cplx	B2	1.000	74	0	0.0000	0
29	ST29_Cplx	B1	1.000	244	0	0.0000	0
31	ST31_Cplx	D	1.000	35	0	0.0000	0
32	ST32_Cplx	E	1.000	555	0	0.0000	0
33	NA	B1	1.000	245	0	0.0000	0
34	ST10_Cplx	A	1.000	132	0	0.0000	0
35	NA	NA	NA	5	0	0.0000	0
38	ST38_Cplx	D	1.000	566	0	0.0000	1
39	NA	NA	NA	3	0	0.0000	0
40	ST40_Cplx	B1	1.000	68	0	0.0000	0
42	NA	NA	NA	5	0	0.0000	0
43	ST10_Cplx	A	1.000	50	0	0.0000	0
44	ST10_Cplx	A	1.000	22	0	0.0000	0
46	ST46_Cplx	A	1.000	62	0	0.0000	0
47	NA	NA	NA	1	0	0.0000	0
48	ST10_Cplx	A	1.000	246	0	0.0000	0
49	ST10_Cplx	NA	NA	4	0	0.0000	0
50	NA	NA	NA	2	0	0.0000	0
52	NA	NA	NA	5	0	0.0000	0
53	NA	NA	NA	5	0	0.0000	0
54	NA	NA	NA	7	0	0.0000	0
55	ST155_Cplx	NA	NA	4	0	0.0000	0
56	ST155_Cplx	NA	NA	48	0	0.0000	0
57	ST350_Cplx	B2	1.000	49	0	0.0000	1
58	ST155_Cplx	B1	1.000	360	0	0.0000	0
59	ST59_Cplx	F	1.000	195	0	0.0000	0
61	ST11_Cplx	E	1.000	2	0	0.0000	0
62	NA	F	1.000	93	0	0.0000	0
64	NA	NA	NA	4	0	0.0000	0
67	NA	NA	NA	4	0	0.0000	0
68	NA	D	1.000	20	0	0.0000	0
69	ST69_Cplx	D	1.000	632	1	0.0016	1
70	NA	NA	NA	34	0	0.0000	0
72	ST405_Cplx	NA	NA	7	0	0.0000	0
73	ST73_Cplx	B2	1.000	1674	1618	0.9665	1656
74	ST73_Cplx	B2	1.000	4	4	1.0000	4
75	NA	NA	NA	24	0	0.0000	0
77	ST206_Cplx	NA	NA	1	0	0.0000	0
79	NA	B2	1.000	8	0	0.0000	0
80	ST568_Cplx	B2	1.000	119	111	0.9328	115
83	NA	B2	1.000	20	14	0.7000	14
84	NA	NA	NA	4	0	0.0000	0
85	NA	NA	NA	4	0	0.0000	0
86	ST86_Cplx	B1	1.000	13	0	0.0000	0
88	ST23_Cplx	A	1.000	188	1	0.0053	1
90	ST23_Cplx	A	1.000	19	0	0.0000	0
91	NA	B2	1.000	33	0	0.0000	0
93	ST168_Cplx	A	1.000	1583	0	0.0000	0
94	ST448_Cplx	B1	1.000	12	0	0.0000	0
95	ST95_Cplx	B2	1.000	1252	823	0.6573	827
96	NA	A	1.000	12	0	0.0000	0
99	NA	NA	NA	20	0	0.0000	0
100	ST165_Cplx	NA	NA	12	0	0.0000	0
101	ST101_Cplx	B1	1.000	229	0	0.0000	0
104	ST73_Cplx	B2	1.000	25	17	0.6800	18
105	NA	NA	NA	2	0	0.0000	0
106	ST69_Cplx	D	1.000	23	0	0.0000	0
108	NA	NA	NA	14	0	0.0000	0
109	NA	NA	NA	26	2	0.0769	2
111	NA	NA	NA	12	1	0.0833	1
115	ST38_Cplx	F	1.000	16	0	0.0000	0
117	NA	F	1.000	297	0	0.0000	0
118	NA	NA	NA	7	0	0.0000	0
119	NA	NA	NA	68	0	0.0000	0
120	NA	NA	NA	5	0	0.0000	0
121	ST28_Cplx	B2	1.000	28	0	0.0000	0
122	ST122_Cplx	B2	1.000	9	0	0.0000	0
123	NA	NA	NA	4	0	0.0000	0
124	NA	B1	1.000	11	0	0.0000	0
126	NA	B2	1.000	13	5	0.3846	5
127	NA	B2	1.000	430	401	0.9326	418
129	NA	B1	1.000	14	0	0.0000	0
130	ST31_Cplx	NA	NA	38	0	0.0000	2
131	ST131_Cplx	B2	1.000	3092	0	0.0000	12
132	NA	NA	NA	5	0	0.0000	0
134	NA	NA	NA	15	0	0.0000	0
135	NA	B2	1.000	56	0	0.0000	0
136	NA	B2	1.000	39	4	0.1026	4
137	ST32_Cplx	E	1.000	31	0	0.0000	0
139	NA	NA	NA	2	0	0.0000	0
140	ST95_Cplx	NA	NA	19	0	0.0000	0
141	NA	B2	1.000	200	175	0.8750	187
144	NA	B2	1.000	120	0	0.0000	0
145	ST243_Cplx	NA	NA	246	0	0.0000	0
146	NA	NA	NA	46	0	0.0000	0
147	ST147_Cplx	NA	NA	25	0	0.0000	0
148	ST148_Cplx	NA	NA	5	0	0.0000	0
152	ST152_Cplx	Shigella	1.000	1166	0	0.0000	17
154	NA	B1	1.000	92	0	0.0000	0
155	ST155_Cplx	B1	1.000	334	0	0.0000	0
156	ST156_Cplx	B1	1.000	48	0	0.0000	0
159	NA	NA	NA	4	0	0.0000	0
160	NA	NA	NA	1	0	0.0000	0
161	NA	NA	NA	3	0	0.0000	0
162	ST469_Cplx	B1	1.000	143	0	0.0000	0
164	NA	NA	NA	34	0	0.0000	0
165	ST165_Cplx	A	1.000	39	0	0.0000	0
167	ST10_Cplx	A	1.000	54	0	0.0000	0
168	ST168_Cplx	NA	NA	3	0	0.0000	0
170	ST10_Cplx	NA	NA	1	0	0.0000	0
173	NA	B1	1.000	56	0	0.0000	0
174	NA	NA	NA	9	0	0.0000	0
176	NA	NA	NA	18	0	0.0000	0
180	NA	NA	NA	4	0	0.0000	0
181	ST168_Cplx	NA	NA	7	0	0.0000	0
182	NA	D	1.000	19	0	0.0000	0
185	ST10_Cplx	NA	NA	1	0	0.0000	0
187	NA	NA	NA	19	0	0.0000	0
188	NA	NA	NA	3	0	0.0000	0
189	ST165_Cplx	NA	NA	36	0	0.0000	0
191	NA	NA	NA	10	0	0.0000	0
192	NA	NA	NA	13	0	0.0000	0
193	ST10_Cplx	NA	NA	3	0	0.0000	0
195	ST10_Cplx	NA	NA	1	0	0.0000	0
196	NA	NA	NA	47	0	0.0000	0
197	NA	NA	NA	1	0	0.0000	0
200	ST40_Cplx	B1	1.000	75	0	0.0000	0
201	ST469_Cplx	NA	NA	26	0	0.0000	0
202	NA	NA	NA	17	0	0.0000	0
205	ST205_Cplx	B1	1.000	50	0	0.0000	0
206	ST206_Cplx	A	1.000	78	0	0.0000	0
207	ST10_Cplx	NA	NA	3	0	0.0000	0
209	ST10_Cplx	NA	NA	4	0	0.0000	0
210	NA	NA	NA	15	0	0.0000	0
211	NA	NA	NA	1	0	0.0000	0
212	NA	NA	NA	21	0	0.0000	0
215	ST10_Cplx	NA	NA	6	0	0.0000	0
216	NA	NA	NA	52	0	0.0000	0
218	ST10_Cplx	A	1.000	25	0	0.0000	0
219	NA	NA	NA	8	0	0.0000	0
223	ST155_Cplx	B1	1.000	92	0	0.0000	0
224	NA	NA	NA	72	0	0.0000	0
226	ST226_Cplx	NA	NA	55	0	0.0000	2
227	ST10_Cplx	NA	NA	14	0	0.0000	3
243	ST243_Cplx	NA	NA	60	0	0.0000	0
245	ST245_Cplx	Shigella	1.000	639	0	0.0000	3
250	NA	NA	NA	5	0	0.0000	0
252	ST148_Cplx	NA	NA	2	0	0.0000	0
260	NA	NA	NA	36	0	0.0000	0
270	ST270_Cplx	NA	NA	19	0	0.0000	0
273	ST147_Cplx	NA	NA	30	0	0.0000	0
278	ST278_Cplx	B1	1.000	66	2	0.0303	2
279	ST280_Cplx	NA	NA	2	0	0.0000	0
280	ST280_Cplx	NA	NA	7	0	0.0000	0
281	ST272_Cplx	NA	NA	5	0	0.0000	0
283	ST270_Cplx	NA	NA	1	0	0.0000	0
288	ST147_Cplx	NA	NA	22	0	0.0000	0
289	NA	NA	NA	3	0	0.0000	0
290	NA	NA	NA	1	0	0.0000	0
294	ST29_Cplx	NA	NA	12	0	0.0000	0
295	NA	B1	1.000	94	0	0.0000	1
297	NA	B1	1.000	182	1	0.0055	1
299	NA	B2	1.000	1	0	0.0000	0
300	NA	B1	1.000	88	0	0.0000	0
301	ST165_Cplx	NA	NA	20	0	0.0000	0
302	NA	NA	NA	5	0	0.0000	0
306	NA	NA	NA	96	0	0.0000	0
311	NA	NA	NA	7	0	0.0000	0
314	ST29_Cplx	NA	NA	3	0	0.0000	0
315	ST38_Cplx	NA	NA	10	0	0.0000	0
316	ST278_Cplx	B1	1.000	40	0	0.0000	0
321	NA	NA	NA	2	0	0.0000	0
325	NA	NA	NA	9	0	0.0000	0
327	NA	B1	1.000	27	0	0.0000	0
328	ST278_Cplx	B1	1.000	76	0	0.0000	0
329	NA	NA	NA	22	0	0.0000	0
330	ST10_Cplx	NA	NA	8	0	0.0000	0
332	NA	NA	NA	10	0	0.0000	0
335	ST11_Cplx	E	1.000	57	0	0.0000	2
336	ST278_Cplx	NA	NA	18	0	0.0000	0
337	NA	NA	NA	15	0	0.0000	0
342	NA	B1	1.000	187	0	0.0000	0
343	NA	B1	1.000	55	0	0.0000	0
345	NA	B1	1.000	55	0	0.0000	0
347	NA	NA	NA	1	0	0.0000	0
348	ST156_Cplx	B1	1.000	16	0	0.0000	0
349	ST349_Cplx	D	1.000	110	0	0.0000	1
350	ST350_Cplx	NA	NA	12	0	0.0000	0
351	NA	NA	NA	20	0	0.0000	0
352	NA	B2	1.000	8	0	0.0000	0
354	ST354_Cplx	F	1.000	57	0	0.0000	0
355	ST73_Cplx	NA	NA	18	0	0.0000	0
357	NA	B2	1.000	98	0	0.0000	0
359	ST101_Cplx	NA	NA	8	0	0.0000	0
360	ST23_Cplx	NA	NA	3	0	0.0000	0
361	NA	A	1.000	14	0	0.0000	0
362	NA	F	1.000	61	0	0.0000	6
363	NA	B2	1.000	7	0	0.0000	0
366	NA	B1	1.000	8	0	0.0000	0
367	ST23_Cplx	NA	NA	4	0	0.0000	0
369	ST23_Cplx	C	1.000	1	0	0.0000	0
371	ST350_Cplx	NA	NA	12	0	0.0000	0
372	NA	B2	1.000	158	89	0.5633	91
373	ST168_Cplx	NA	NA	4	0	0.0000	0
378	ST10_Cplx	NA	NA	13	0	0.0000	0
381	ST590_Cplx	B1	1.000	34	0	0.0000	0
382	ST165_Cplx	NA	NA	11	0	0.0000	0
386	ST20_Cplx	B1	1.000	8	0	0.0000	0
388	NA	NA	NA	27	0	0.0000	0
390	ST95_Cplx	B2	1.000	16	15	0.9375	16
392	NA	B1	1.000	86	80	0.9302	80
393	ST31_Cplx	D	1.000	46	0	0.0000	0
394	ST394_Cplx	D	1.000	120	0	0.0000	0
396	ST29_Cplx	B1	1.000	6	0	0.0000	0
398	ST398_Cplx	A	1.000	72	0	0.0000	0
399	ST399_Cplx	A	1.000	56	0	0.0000	0
401	NA	NA	NA	17	0	0.0000	0
404	ST14_Cplx	B2	1.000	78	75	0.9615	77
405	ST405_Cplx	D	1.000	198	0	0.0000	0
409	NA	NA	NA	74	0	0.0000	0
410	ST23_Cplx	C	1.000	149	0	0.0000	0
414	NA	NA	NA	9	0	0.0000	0
415	ST59_Cplx	F	1.000	3	0	0.0000	0
416	ST95_Cplx	B2	1.000	43	43	1.0000	43
420	NA	B2	1.000	79	0	0.0000	0
421	ST95_Cplx	B2	1.000	76	3	0.0395	2
423	ST23_Cplx	NA	NA	14	0	0.0000	0
424	NA	NA	NA	5	0	0.0000	0
428	NA	B2	1.000	57	0	0.0000	0
429	NA	B2	1.000	38	0	0.0000	0
441	NA	NA	NA	9	0	0.0000	0
442	NA	B1	1.000	326	0	0.0000	0
443	ST205_Cplx	B1	1.000	68	0	0.0000	0
446	ST446_Cplx	B1	1.000	34	0	0.0000	0
447	NA	NA	NA	9	0	0.0000	0
448	ST448_Cplx	B1	1.000	38	0	0.0000	0
449	ST31_Cplx	NA	NA	4	0	0.0000	0
450	NA	A	1.000	12	0	0.0000	0
452	NA	B2	1.000	32	0	0.0000	0
453	ST86_Cplx	B1	1.000	51	0	0.0000	0
454	NA	NA	NA	2	0	0.0000	0
457	NA	F	1.000	27	0	0.0000	0
459	NA	NA	NA	1	0	0.0000	1
469	ST469_Cplx	NA	NA	6	0	0.0000	0
472	NA	NA	NA	2	0	0.0000	0
477	ST226_Cplx	NA	NA	1	0	0.0000	0
479	ST278_Cplx	NA	NA	1	0	0.0000	0
480	ST467_Cplx	NA	NA	6	0	0.0000	0
484	ST168_Cplx	NA	NA	43	0	0.0000	0
485	NA	NA	NA	6	0	0.0000	0
491	NA	B2	1.000	44	0	0.0000	0
500	NA	B1	1.000	4	0	0.0000	0
501	NA	D	1.000	81	0	0.0000	0
504	NA	B2	1.000	65	0	0.0000	0
515	NA	NA	NA	12	0	0.0000	0
517	ST469_Cplx	B1	1.000	78	0	0.0000	0
522	ST522_Cplx	NA	NA	4	0	0.0000	0
526	NA	B2	1.000	3	0	0.0000	0
527	NA	NA	NA	1	0	0.0000	0
533	NA	A	1.000	8	0	0.0000	0
537	ST14_Cplx	B2	1.000	32	30	0.9375	30
538	ST538_Cplx	B2	1.000	74	1	0.0135	1
539	NA	B1	1.000	3	0	0.0000	0
540	NA	A	1.000	46	0	0.0000	0
541	ST522_Cplx	NA	NA	15	0	0.0000	0
542	NA	NA	NA	47	0	0.0000	0
543	NA	NA	NA	15	0	0.0000	0
544	ST12_Cplx	NA	NA	3	3	1.0000	3
547	NA	B2	1.000	4	0	0.0000	0
548	ST10_Cplx	NA	NA	7	0	0.0000	0
549	NA	NA	NA	4	0	0.0000	0
550	ST14_Cplx	B2	1.000	66	61	0.9242	61
555	ST538_Cplx	NA	NA	10	9	0.9000	9
567	NA	B2	1.000	17	0	0.0000	0
569	NA	B2	1.000	36	0	0.0000	0
582	ST582_Cplx	B2	1.000	29	0	0.0000	0
583	ST122_Cplx	B2	1.000	105	0	0.0000	0
584	ST582_Cplx	NA	NA	2	0	0.0000	0
589	NA	B2	1.000	21	0	0.0000	0
590	ST590_Cplx	B1	1.000	18	0	0.0000	0
599	ST12_Cplx	NA	NA	1	1	1.0000	1
602	ST446_Cplx	NA	NA	52	0	0.0000	0
603	NA	NA	NA	11	0	0.0000	0
607	NA	NA	NA	31	0	0.0000	0
609	ST46_Cplx	NA	NA	3	0	0.0000	0
616	ST155_Cplx	B1	1.000	25	0	0.0000	0
617	ST10_Cplx	A	1.000	60	0	0.0000	0
618	NA	F	1.000	8	0	0.0000	0
624	ST648_Cplx	F	1.000	12	0	0.0000	0
625	NA	B2	1.000	6	6	1.0000	6
628	ST245_Cplx	NA	NA	43	0	0.0000	0
630	ST245_Cplx	NA	NA	17	0	0.0000	0
631	ST245_Cplx	Shigella	1.000	67	0	0.0000	0
632	ST243_Cplx	NA	NA	2	0	0.0000	0
633	ST245_Cplx	NA	NA	2	0	0.0000	0
635	ST399_Cplx	NA	NA	10	0	0.0000	0
636	NA	NA	NA	35	0	0.0000	0
640	NA	B2	1.000	11	0	0.0000	0
641	ST86_Cplx	B1	1.000	93	1	0.0108	1
642	ST278_Cplx	NA	NA	40	0	0.0000	0
643	ST95_Cplx	B2	1.000	1	1	1.0000	1
645	NA	NA	NA	3	0	0.0000	0
646	NA	B2	1.000	23	14	0.6087	18
647	ST95_Cplx	NA	NA	4	0	0.0000	0
648	ST648_Cplx	F	1.000	186	0	0.0000	0
652	ST23_Cplx	A	1.000	5	0	0.0000	0
655	NA	B1	1.000	351	0	0.0000	0
656	ST10_Cplx	NA	NA	16	0	0.0000	8
657	NA	F	1.000	27	0	0.0000	0
658	NA	NA	NA	4	0	0.0000	0
659	NA	NA	NA	29	0	0.0000	0
660	NA	NA	NA	7	0	0.0000	0
661	NA	NA	NA	12	0	0.0000	0
662	NA	NA	NA	4	0	0.0000	0
665	NA	NA	NA	5	0	0.0000	0
666	NA	NA	NA	3	0	0.0000	0
667	NA	NA	NA	1	0	0.0000	0
672	NA	NA	NA	7	0	0.0000	0
675	NA	B1	1.000	74	0	0.0000	0
676	NA	B2	1.000	13	2	0.1538	2
677	NA	NA	NA	43	0	0.0000	0
678	NA	B1	1.000	92	0	0.0000	0
679	NA	NA	NA	8	0	0.0000	0
680	NA	B2	1.000	2	0	0.0000	0
681	NA	B2	1.000	37	17	0.4595	18
682	ST14_Cplx	NA	NA	29	0	0.0000	0
683	NA	NA	NA	3	0	0.0000	0
685	NA	NA	NA	17	0	0.0000	0
688	NA	NA	NA	2	0	0.0000	0
691	NA	F	1.000	23	0	0.0000	0
692	NA	NA	NA	2	0	0.0000	0
694	NA	NA	NA	2	0	0.0000	0
695	NA	NA	NA	3	0	0.0000	0
696	NA	NA	NA	2	0	0.0000	0
703	NA	B2	1.000	1	0	0.0000	0
706	NA	B2	1.000	19	13	0.6842	13
707	NA	NA	NA	2	0	0.0000	0
708	ST469_Cplx	NA	NA	6	0	0.0000	0
710	NA	NA	NA	2	0	0.0000	0
711	NA	B1	1.000	5	0	0.0000	0
713	NA	NA	NA	1	0	0.0000	0
714	NA	NA	NA	9	0	0.0000	0
716	NA	NA	NA	5	0	0.0000	0
718	NA	NA	NA	36	0	0.0000	0
720	NA	NA	NA	48	0	0.0000	0
722	NA	NA	NA	21	0	0.0000	0
723	ST29_Cplx	B1	1.000	112	0	0.0000	0
724	NA	NA	NA	3	0	0.0000	0
725	NA	B2	1.000	15	0	0.0000	0
728	NA	NA	NA	1	0	0.0000	0
731	NA	A	1.000	4	0	0.0000	0
737	NA	NA	NA	12	0	0.0000	0
738	NA	NA	NA	12	0	0.0000	1
744	NA	NA	NA	12	0	0.0000	0
745	NA	NA	NA	1	0	0.0000	0
746	NA	NA	NA	43	0	0.0000	0
747	NA	B1	1.000	53	0	0.0000	0
749	ST86_Cplx	NA	NA	1	0	0.0000	0
750	NA	A	1.000	12	0	0.0000	0
752	NA	NA	NA	38	0	0.0000	0
753	NA	NA	NA	9	0	0.0000	0
755	NA	NA	NA	2	0	0.0000	0
756	NA	NA	NA	1	0	0.0000	0
757	NA	NA	NA	8	0	0.0000	0
758	NA	NA	NA	1	0	0.0000	0
761	NA	NA	NA	3	0	0.0000	0
762	NA	NA	NA	1	0	0.0000	0
763	NA	NA	NA	2	0	0.0000	0
765	NA	NA	NA	6	0	0.0000	0
767	NA	B1	1.000	4	0	0.0000	0
770	NA	NA	NA	12	0	0.0000	0
773	NA	A	1.000	6	0	0.0000	0
778	ST38_Cplx	NA	NA	2	0	0.0000	0
783	NA	NA	NA	2	0	0.0000	0
788	NA	NA	NA	7	0	0.0000	0
793	ST206_Cplx	NA	NA	5	0	0.0000	0
795	ST278_Cplx	NA	NA	20	0	0.0000	0
800	NA	NA	NA	3	0	0.0000	0
803	NA	B2	1.000	3	0	0.0000	0
811	NA	B1	1.000	20	0	0.0000	0
827	ST12_Cplx	B2	1.000	8	4	0.5000	4
829	NA	B1	1.000	9	0	0.0000	0
846	NA	NA	NA	1	0	0.0000	0
847	NA	NA	NA	28	0	0.0000	0
871	NA	NA	NA	1	0	0.0000	0
877	ST86_Cplx	NA	NA	5	0	0.0000	0
898	NA	NA	NA	1	0	0.0000	0
906	NA	B1	1.000	122	0	0.0000	0
910	NA	NA	NA	1	0	0.0000	0
919	NA	NA	NA	15	0	0.0000	0
925	NA	NA	NA	2	0	0.0000	0
929	NA	B2	1.000	18	0	0.0000	0
937	NA	NA	NA	30	0	0.0000	0
938	NA	NA	NA	1	0	0.0000	0
939	NA	NA	NA	6	0	0.0000	0
940	ST448_Cplx	B1	1.000	43	0	0.0000	1
941	ST28_Cplx	NA	NA	1	0	0.0000	0
942	NA	NA	NA	10	0	0.0000	0
947	ST469_Cplx	NA	NA	1	0	0.0000	0
949	NA	NA	NA	7	0	0.0000	0
953	NA	NA	NA	1	0	0.0000	0
955	NA	NA	NA	5	0	0.0000	0
961	ST12_Cplx	B2	1.000	11	10	0.9091	11
962	NA	NA	NA	2	0	0.0000	0
963	ST38_Cplx	F	1.000	24	0	0.0000	0
964	ST405_Cplx	D	1.000	1	0	0.0000	0
967	NA	F	1.000	9	0	0.0000	2
968	ST73_Cplx	B2	1.000	10	10	1.0000	10
969	NA	NA	NA	4	4	1.0000	4
971	NA	NA	NA	6	0	0.0000	0
973	NA	D	1.000	22	0	0.0000	0
974	NA	A	1.000	1	0	0.0000	0
976	NA	NA	NA	1	0	0.0000	0
978	NA	B2	1.000	29	0	0.0000	0
991	NA	NA	NA	1	0	0.0000	0
993	NA	NA	NA	22	0	0.0000	0
994	NA	NA	NA	1	0	0.0000	0
996	NA	NA	NA	1	1	1.0000	1
997	NA	NA	NA	1	0	0.0000	0
998	NA	B2	1.000	79	65	0.8228	65
999	NA	NA	NA	10	0	0.0000	0
1001	NA	B1	1.000	8	0	0.0000	0
1007	NA	NA	NA	1	0	0.0000	0
1011	NA	NA	NA	17	0	0.0000	0
1021	ST245_Cplx	NA	NA	8	0	0.0000	0
1022	ST245_Cplx	NA	NA	6	0	0.0000	0
1024	ST245_Cplx	Shigella	1.000	19	0	0.0000	0
1025	ST245_Cplx	NA	NA	156	0	0.0000	106
1029	NA	NA	NA	1	0	0.0000	0
1031	NA	NA	NA	3	0	0.0000	0
1040	NA	NA	NA	7	0	0.0000	0
1041	NA	NA	NA	13	0	0.0000	0
1049	ST155_Cplx	NA	NA	14	0	0.0000	0
1056	NA	NA	NA	17	0	0.0000	0
1057	ST14_Cplx	B2	1.000	31	28	0.9032	28
1060	NA	NA	NA	79	0	0.0000	0
1064	ST14_Cplx	NA	NA	1	1	1.0000	1
1068	NA	NA	NA	1	0	0.0000	0
1071	NA	NA	NA	1	0	0.0000	0
1072	NA	NA	NA	5	0	0.0000	0
1079	NA	NA	NA	79	0	0.0000	0
1080	NA	NA	NA	5	0	0.0000	0
1081	NA	B1	1.000	16	0	0.0000	0
1084	NA	NA	NA	3	0	0.0000	0
1086	NA	NA	NA	9	0	0.0000	0
1091	NA	NA	NA	8	0	0.0000	0
1092	NA	NA	NA	2	0	0.0000	0
1101	NA	NA	NA	6	0	0.0000	0
1106	NA	NA	NA	1	0	0.0000	0
1109	NA	NA	NA	1	0	0.0000	0
1112	NA	NA	NA	5	0	0.0000	0
1114	NA	NA	NA	6	0	0.0000	0
1115	NA	NA	NA	3	0	0.0000	0
1121	NA	NA	NA	7	0	0.0000	0
1122	NA	NA	NA	9	0	0.0000	0
1125	NA	B1	1.000	32	0	0.0000	0
1126	ST155_Cplx	NA	NA	1	0	0.0000	0
1128	ST469_Cplx	B1	1.000	8	0	0.0000	0
1130	ST243_Cplx	NA	NA	1	0	0.0000	0
1131	NA	NA	NA	4	0	0.0000	0
1132	NA	B1	1.000	1	0	0.0000	0
1136	NA	NA	NA	12	0	0.0000	0
1137	NA	NA	NA	5	0	0.0000	0
1139	NA	A	1.000	27	0	0.0000	0
1140	NA	NA	NA	10	0	0.0000	0
1141	NA	NA	NA	12	0	0.0000	0
1145	NA	NA	NA	2	0	0.0000	0
1146	NA	NA	NA	15	0	0.0000	0
1147	NA	NA	NA	21	0	0.0000	0
1148	NA	B1	1.000	12	0	0.0000	0
1152	NA	NA	NA	1	0	0.0000	0
1154	ST73_Cplx	B2	1.000	3	3	1.0000	3
1155	NA	B2	1.000	11	0	0.0000	0
1157	NA	NA	NA	2	0	0.0000	0
1158	NA	NA	NA	3	0	0.0000	0
1159	NA	NA	NA	13	0	0.0000	0
1161	ST73_Cplx	NA	NA	16	0	0.0000	0
1162	NA	NA	NA	3	0	0.0000	0
1163	NA	NA	NA	14	0	0.0000	0
1164	NA	NA	NA	1	0	0.0000	0
1167	NA	NA	NA	9	0	0.0000	0
1170	NA	B2	1.000	13	0	0.0000	0
1172	NA	NA	NA	2	0	0.0000	0
1176	NA	NA	NA	1	0	0.0000	0
1177	ST38_Cplx	NA	NA	7	0	0.0000	0
1178	NA	NA	NA	7	0	0.0000	0
1193	ST14_Cplx	B2	1.000	198	1	0.0051	1
1196	NA	NA	NA	22	0	0.0000	0
1201	NA	NA	NA	5	0	0.0000	0
1202	NA	NA	NA	1	0	0.0000	0
1204	NA	NA	NA	8	0	0.0000	0
1205	NA	NA	NA	8	0	0.0000	0
1228	NA	NA	NA	1	0	0.0000	0
1231	ST95_Cplx	B2	1.000	5	5	1.0000	5
1236	NA	NA	NA	8	0	0.0000	0
1244	NA	NA	NA	1	0	0.0000	0
1246	NA	NA	NA	8	0	0.0000	0
1248	NA	NA	NA	11	0	0.0000	0
1249	NA	NA	NA	4	0	0.0000	0
1250	NA	NA	NA	1	0	0.0000	0
1252	NA	NA	NA	4	0	0.0000	0
1257	NA	B2	1.000	2	0	0.0000	0
1258	NA	NA	NA	2	0	0.0000	0
1260	NA	NA	NA	2	0	0.0000	0
1262	ST73_Cplx	NA	NA	9	9	1.0000	9
1265	NA	NA	NA	1	0	0.0000	0
1266	NA	NA	NA	2	0	0.0000	0
1273	NA	NA	NA	9	0	0.0000	0
1276	NA	NA	NA	8	0	0.0000	0
1278	ST73_Cplx	NA	NA	12	10	0.8333	12
1283	NA	B2	1.000	12	0	0.0000	0
1284	NA	NA	NA	8	0	0.0000	0
1286	NA	NA	NA	29	0	0.0000	0
1290	NA	A	1.000	2	0	0.0000	0
1294	NA	NA	NA	5	0	0.0000	0
1295	NA	NA	NA	1	0	0.0000	0
1297	NA	NA	NA	1	0	0.0000	0
1298	ST469_Cplx	NA	NA	5	0	0.0000	0
1300	NA	NA	NA	3	0	0.0000	0
1302	NA	NA	NA	5	0	0.0000	0
1303	NA	A	1.000	5	0	0.0000	0
1304	NA	NA	NA	21	0	0.0000	0
1307	NA	NA	NA	3	0	0.0000	0
1308	NA	NA	NA	35	0	0.0000	0
1310	NA	NA	NA	6	0	0.0000	0
1312	NA	A	1.000	25	0	0.0000	1
1314	NA	NA	NA	1	0	0.0000	0
1316	NA	NA	NA	26	0	0.0000	0
1317	NA	NA	NA	3	0	0.0000	0
1319	NA	NA	NA	2	0	0.0000	0
1323	NA	NA	NA	1	0	0.0000	0
1324	NA	NA	NA	6	0	0.0000	0
1325	NA	NA	NA	2	0	0.0000	0
1326	NA	NA	NA	7	0	0.0000	0
1328	NA	NA	NA	2	0	0.0000	0
1331	ST73_Cplx	NA	NA	1	1	1.0000	1
1333	NA	B2	1.000	3	0	0.0000	0
1340	NA	NA	NA	1	0	0.0000	0
1380	NA	NA	NA	23	0	0.0000	0
1385	NA	NA	NA	11	0	0.0000	0
1386	NA	NA	NA	6	0	0.0000	0
1394	ST31_Cplx	D	1.000	1	0	0.0000	0
1395	NA	NA	NA	1	0	0.0000	0
1396	NA	NA	NA	1	0	0.0000	0
1402	NA	NA	NA	1	0	0.0000	0
1403	NA	NA	NA	3	0	0.0000	0
1406	NA	NA	NA	5	0	0.0000	0
1408	NA	NA	NA	9	0	0.0000	0
1415	NA	NA	NA	7	0	0.0000	0
1421	NA	NA	NA	15	0	0.0000	0
1423	NA	B1	1.000	25	0	0.0000	0
1426	NA	NA	NA	1	0	0.0000	0
1429	NA	NA	NA	4	0	0.0000	0
1431	NA	B1	1.000	9	0	0.0000	0
1432	ST155_Cplx	NA	NA	5	0	0.0000	0
1433	NA	NA	NA	2	0	0.0000	0
1434	NA	NA	NA	23	0	0.0000	0
1441	NA	NA	NA	9	1	0.1111	1
1442	NA	B2	1.000	4	0	0.0000	0
1444	NA	NA	NA	12	0	0.0000	0
1459	NA	B2	1.000	2	0	0.0000	0
1463	NA	NA	NA	6	0	0.0000	0
1480	ST23_Cplx	NA	NA	1	0	0.0000	0
1483	NA	NA	NA	3	0	0.0000	0
1485	ST648_Cplx	F	1.000	13	0	0.0000	0
1486	NA	A	1.000	6	0	0.0000	0
1490	ST86_Cplx	B1	1.000	11	0	0.0000	0
1494	NA	NA	NA	2	0	0.0000	0
1497	NA	A	1.000	11	0	0.0000	0
1500	NA	NA	NA	3	0	0.0000	0
1502	NA	Shigella	1.000	19	0	0.0000	0
1503	ST152_Cplx	NA	NA	2	0	0.0000	0
1504	ST152_Cplx	NA	NA	6	0	0.0000	0
1505	ST152_Cplx	NA	NA	1	0	0.0000	0
1508	NA	NA	NA	8	0	0.0000	0
1510	NA	NA	NA	4	0	0.0000	0
1512	NA	NA	NA	1	0	0.0000	0
1513	ST243_Cplx	NA	NA	1	0	0.0000	0
1531	ST95_Cplx	B2	1.000	4	3	0.7500	3
1564	NA	NA	NA	11	0	0.0000	0
1567	NA	NA	NA	8	0	0.0000	0
1571	NA	NA	NA	5	0	0.0000	0
1572	NA	NA	NA	2	0	0.0000	0
1580	NA	NA	NA	1	0	0.0000	0
1582	NA	NA	NA	4	0	0.0000	0
1583	NA	NA	NA	3	0	0.0000	0
1585	NA	NA	NA	1	0	0.0000	0
1587	NA	NA	NA	1	0	0.0000	0
1588	NA	NA	NA	2	0	0.0000	0
1589	NA	NA	NA	7	0	0.0000	0
1594	NA	A	1.000	6	0	0.0000	0
1595	ST11_Cplx	E	1.000	1	0	0.0000	0
1597	NA	NA	NA	1	0	0.0000	0
1598	NA	NA	NA	2	0	0.0000	0
1602	NA	NA	NA	3	0	0.0000	0
1604	ST14_Cplx	B2	1.000	1	1	1.0000	1
1607	NA	NA	NA	1	0	0.0000	0
1610	NA	NA	NA	7	0	0.0000	0
1611	NA	NA	NA	43	0	0.0000	0
1613	NA	NA	NA	6	0	0.0000	0
1614	NA	NA	NA	1	0	0.0000	0
1618	ST73_Cplx	B2	1.000	19	19	1.0000	19
1619	ST95_Cplx	NA	NA	1	1	1.0000	1
1621	NA	NA	NA	3	0	0.0000	0
1623	NA	NA	NA	12	0	0.0000	0
1629	NA	NA	NA	3	0	0.0000	0
1630	NA	NA	NA	1	0	0.0000	0
1634	NA	NA	NA	1	0	0.0000	0
1638	ST10_Cplx	NA	NA	16	0	0.0000	0
1642	NA	NA	NA	5	0	0.0000	0
1643	NA	NA	NA	5	0	0.0000	0
1652	NA	NA	NA	2	0	0.0000	0
1656	NA	NA	NA	1	0	0.0000	0
1662	NA	NA	NA	6	0	0.0000	0
1663	ST73_Cplx	B2	1.000	2	2	1.0000	2
1664	NA	NA	NA	4	0	0.0000	0
1665	NA	NA	NA	16	0	0.0000	0
1670	NA	NA	NA	11	0	0.0000	0
1673	NA	NA	NA	2	0	0.0000	0
1674	NA	NA	NA	11	0	0.0000	0
1677	NA	NA	NA	1	0	0.0000	0
1679	NA	NA	NA	10	0	0.0000	0
1684	NA	A	1.000	14	0	0.0000	0
1703	NA	NA	NA	4	0	0.0000	0
1704	NA	NA	NA	2	0	0.0000	0
1705	ST29_Cplx	NA	NA	1	0	0.0000	0
1706	NA	NA	NA	14	0	0.0000	0
1715	NA	NA	NA	1	0	0.0000	0
1716	NA	NA	NA	2	0	0.0000	0
1717	NA	NA	NA	3	0	0.0000	0
1718	NA	NA	NA	2	0	0.0000	0
1720	ST86_Cplx	NA	NA	1	0	0.0000	0
1721	NA	NA	NA	13	0	0.0000	0
1722	NA	F	1.000	37	0	0.0000	1
1723	NA	NA	NA	6	0	0.0000	0
1724	NA	NA	NA	7	0	0.0000	0
1725	NA	NA	NA	1	0	0.0000	0
1726	NA	NA	NA	1	0	0.0000	0
1727	NA	NA	NA	50	0	0.0000	0
1730	NA	NA	NA	7	0	0.0000	0
1735	ST73_Cplx	NA	NA	3	3	1.0000	3
1737	ST205_Cplx	NA	NA	3	0	0.0000	0
1739	NA	NA	NA	3	0	0.0000	0
1743	NA	NA	NA	2	0	0.0000	0
1746	NA	NA	NA	1	0	0.0000	0
1750	NA	NA	NA	4	0	0.0000	0
1751	NA	NA	NA	1	0	0.0000	0
1753	ST245_Cplx	Shigella	1.000	13	0	0.0000	0
1759	ST147_Cplx	NA	NA	17	0	0.0000	0
1765	NA	NA	NA	4	0	0.0000	3
1766	NA	NA	NA	1	0	0.0000	0
1767	NA	NA	NA	4	0	0.0000	0
1769	ST245_Cplx	NA	NA	1	0	0.0000	0
1771	NA	NA	NA	4	0	0.0000	0
1777	NA	NA	NA	1	0	0.0000	0
1786	ST20_Cplx	B1	1.000	5	0	0.0000	0
1788	NA	A	1.000	3	0	0.0000	0
1791	NA	NA	NA	1	0	0.0000	0
1792	NA	B1	1.000	106	0	0.0000	0
1793	NA	NA	NA	1	0	0.0000	0
1794	NA	NA	NA	4	0	0.0000	0
1797	NA	NA	NA	1	0	0.0000	0
1798	NA	NA	NA	2	0	0.0000	0
1800	NA	NA	NA	10	0	0.0000	0
1804	ST11_Cplx	E	1.000	37	0	0.0000	0
1807	ST23_Cplx	NA	NA	4	0	0.0000	0
1817	NA	NA	NA	8	0	0.0000	0
1818	NA	NA	NA	3	0	0.0000	0
1819	NA	NA	NA	32	0	0.0000	0
1823	NA	NA	NA	4	0	0.0000	0
1829	NA	NA	NA	1	0	0.0000	0
1836	NA	NA	NA	1	0	0.0000	0
1844	NA	NA	NA	21	0	0.0000	0
1850	NA	NA	NA	3	0	0.0000	0
1851	NA	NA	NA	4	0	0.0000	0
1852	NA	NA	NA	4	0	0.0000	0
1858	ST14_Cplx	B2	1.000	5	2	0.4000	2
1859	NA	NA	NA	2	0	0.0000	0
1861	NA	NA	NA	3	1	0.3333	1
1865	NA	NA	NA	2	0	0.0000	0
1869	NA	NA	NA	1	0	0.0000	0
1870	NA	NA	NA	2	0	0.0000	0
1876	NA	NA	NA	1	0	0.0000	0
1877	NA	NA	NA	14	0	0.0000	0
1882	NA	NA	NA	5	0	0.0000	0
1884	NA	NA	NA	3	0	0.0000	0
1888	NA	NA	NA	1	0	0.0000	0
1889	NA	NA	NA	5	0	0.0000	0
1891	NA	NA	NA	1	0	0.0000	0
1892	NA	NA	NA	1	0	0.0000	0
1905	NA	NA	NA	1	0	0.0000	0
1907	NA	B2	1.000	6	0	0.0000	0
1914	NA	NA	NA	8	0	0.0000	0
1938	NA	NA	NA	1	0	0.0000	0
1944	NA	NA	NA	1	0	0.0000	0
1946	ST568_Cplx	B2	1.000	5	0	0.0000	0
1951	NA	NA	NA	1	0	0.0000	0
1967	ST20_Cplx	B1	1.000	181	0	0.0000	0
1970	NA	NA	NA	1	0	0.0000	0
1972	NA	A	1.000	4	0	0.0000	0
1973	NA	NA	NA	2	0	0.0000	0
1979	ST73_Cplx	B2	1.000	1	1	1.0000	1
1982	ST131_Cplx	NA	NA	1	0	0.0000	0
1988	ST448_Cplx	NA	NA	8	0	0.0000	0
1992	NA	NA	NA	9	0	0.0000	0
1993	NA	NA	NA	3	2	0.6667	3
1994	NA	NA	NA	1	0	0.0000	0
2001	NA	NA	NA	1	0	0.0000	0
2002	NA	NA	NA	1	0	0.0000	0
2003	ST38_Cplx	NA	NA	1	0	0.0000	0
2005	NA	NA	NA	13	0	0.0000	0
2008	NA	NA	NA	11	0	0.0000	0
2013	ST73_Cplx	B2	1.000	3	3	1.0000	3
2014	NA	NA	NA	2	0	0.0000	0
2015	NA	B2	1.000	37	34	0.9189	37
2016	ST205_Cplx	NA	NA	2	0	0.0000	0
2017	NA	NA	NA	2	0	0.0000	0
2020	NA	D	1.000	1	0	0.0000	0
2025	ST155_Cplx	NA	NA	20	0	0.0000	0
2026	NA	NA	NA	1	0	0.0000	0
2035	NA	NA	NA	8	0	0.0000	0
2040	NA	NA	NA	13	0	0.0000	0
2041	NA	NA	NA	2	0	0.0000	0
2063	NA	NA	NA	2	0	0.0000	0
2064	NA	NA	NA	3	0	0.0000	0
2067	NA	B1	1.000	10	0	0.0000	1
2070	NA	NA	NA	1	0	0.0000	0
2073	NA	NA	NA	6	0	0.0000	0
2074	NA	NA	NA	5	0	0.0000	0
2076	NA	NA	NA	2	0	0.0000	0
2077	NA	NA	NA	6	0	0.0000	0
2079	NA	NA	NA	9	0	0.0000	0
2083	NA	NA	NA	1	0	0.0000	0
2086	NA	NA	NA	3	0	0.0000	0
2088	NA	NA	NA	2	0	0.0000	0
2089	NA	NA	NA	9	0	0.0000	0
2101	NA	NA	NA	6	0	0.0000	0
2103	NA	NA	NA	3	0	0.0000	0
2111	NA	NA	NA	7	0	0.0000	0
2139	NA	NA	NA	1	0	0.0000	0
2141	NA	NA	NA	1	0	0.0000	0
2144	NA	NA	NA	18	0	0.0000	0
2160	ST205_Cplx	NA	NA	1	0	0.0000	0
2161	NA	NA	NA	22	0	0.0000	0
2163	NA	NA	NA	7	0	0.0000	0
2164	NA	NA	NA	2	0	0.0000	0
2165	NA	NA	NA	25	0	0.0000	0
2166	NA	NA	NA	3	0	0.0000	0
2169	NA	NA	NA	1	0	0.0000	0
2170	NA	NA	NA	1	0	0.0000	0
2171	NA	NA	NA	6	0	0.0000	0
2172	NA	NA	NA	1	0	0.0000	0
2175	NA	NA	NA	19	0	0.0000	0
2178	NA	NA	NA	56	0	0.0000	0
2179	NA	NA	NA	13	0	0.0000	0
2184	ST350_Cplx	NA	NA	1	0	0.0000	0
2186	NA	NA	NA	10	0	0.0000	0
2200	NA	NA	NA	6	0	0.0000	0
2201	NA	NA	NA	1	0	0.0000	0
2207	NA	NA	NA	3	0	0.0000	0
2217	NA	NA	NA	20	0	0.0000	0
2223	NA	NA	NA	12	0	0.0000	0
2226	NA	NA	NA	1	0	0.0000	0
2230	ST23_Cplx	C	1.000	4	0	0.0000	0
2248	NA	NA	NA	10	0	0.0000	0
2253	NA	A	1.000	2	0	0.0000	0
2272	ST23_Cplx	NA	NA	1	0	0.0000	0
2278	ST131_Cplx	NA	NA	1	0	0.0000	0
2279	ST131_Cplx	NA	NA	9	0	0.0000	0
2280	NA	NA	NA	10	0	0.0000	0
2283	NA	NA	NA	1	0	0.0000	0
2307	NA	B1	1.000	11	0	0.0000	0
2308	NA	NA	NA	2	0	0.0000	0
2309	ST38_Cplx	NA	NA	1	0	0.0000	0
2320	NA	NA	NA	1	0	0.0000	0
2325	NA	NA	NA	18	0	0.0000	0
2328	NA	NA	NA	7	0	0.0000	0
2329	NA	NA	NA	1	0	0.0000	0
2332	NA	A	1.000	21	0	0.0000	0
2338	NA	NA	NA	2	0	0.0000	0
2346	NA	B2	1.000	16	0	0.0000	0
2348	ST405_Cplx	NA	NA	4	0	0.0000	0
2349	NA	NA	NA	1	0	0.0000	0
2350	NA	NA	NA	1	0	0.0000	0
2351	NA	NA	NA	4	0	0.0000	0
2353	NA	NA	NA	11	0	0.0000	0
2354	NA	NA	NA	9	0	0.0000	0
2356	NA	B2	1.000	4	0	0.0000	0
2368	NA	A	1.000	1	0	0.0000	0
2380	NA	NA	NA	1	0	0.0000	0
2385	NA	NA	NA	10	0	0.0000	0
2387	NA	NA	NA	11	0	0.0000	0
2388	NA	NA	NA	10	0	0.0000	0
2389	NA	NA	NA	10	0	0.0000	0
2425	NA	NA	NA	6	0	0.0000	0
2450	NA	NA	NA	1	0	0.0000	0
2458	NA	NA	NA	3	0	0.0000	0
2461	NA	NA	NA	2	0	0.0000	0
2465	NA	NA	NA	1	0	0.0000	0
2467	NA	NA	NA	1	0	0.0000	0
2473	NA	NA	NA	2	0	0.0000	0
2474	NA	NA	NA	3	0	0.0000	0
2485	NA	NA	NA	8	0	0.0000	0
2491	NA	NA	NA	6	0	0.0000	0
2494	NA	B2	1.000	3	0	0.0000	0
2498	NA	NA	NA	1	0	0.0000	0
2514	NA	NA	NA	3	0	0.0000	0
2515	NA	NA	NA	2	0	0.0000	0
2517	NA	NA	NA	1	0	0.0000	0
2520	NA	NA	NA	12	0	0.0000	0
2521	NA	NA	NA	32	0	0.0000	0
2522	NA	NA	NA	23	0	0.0000	0
2524	NA	NA	NA	2	0	0.0000	0
2526	NA	B1	1.000	1	0	0.0000	0
2531	NA	NA	NA	4	0	0.0000	0
2532	NA	NA	NA	1	0	0.0000	0
2536	NA	NA	NA	3	0	0.0000	0
2538	NA	D	1.000	8	0	0.0000	0
2539	ST205_Cplx	NA	NA	3	0	0.0000	0
2541	NA	NA	NA	5	0	0.0000	0
2550	NA	NA	NA	4	0	0.0000	0
2552	NA	NA	NA	1	0	0.0000	0
2554	NA	NA	NA	6	0	0.0000	0
2556	NA	NA	NA	4	0	0.0000	0
2557	NA	NA	NA	3	0	0.0000	0
2562	NA	NA	NA	3	0	0.0000	0
2567	NA	NA	NA	1	0	0.0000	0
2569	NA	NA	NA	6	0	0.0000	0
2581	ST131_Cplx	NA	NA	1	0	0.0000	0
2585	NA	NA	NA	3	0	0.0000	0
2589	NA	NA	NA	1	0	0.0000	0
2590	NA	NA	NA	1	0	0.0000	0
2598	NA	NA	NA	8	0	0.0000	0
2599	NA	NA	NA	2	0	0.0000	0
2600	NA	NA	NA	1	0	0.0000	0
2601	NA	NA	NA	1	0	0.0000	0
2602	NA	NA	NA	7	0	0.0000	0
2604	ST12_Cplx	NA	NA	4	4	1.0000	4
2607	NA	NA	NA	5	0	0.0000	0
2608	NA	NA	NA	1	0	0.0000	0
2612	NA	NA	NA	2	0	0.0000	0
2614	NA	NA	NA	4	0	0.0000	0
2617	ST59_Cplx	NA	NA	11	0	0.0000	0
2618	ST59_Cplx	F	1.000	2	0	0.0000	0
2619	ST95_Cplx	B2	1.000	36	29	0.8056	32
2622	NA	NA	NA	10	0	0.0000	0
2626	NA	NA	NA	3	0	0.0000	0
2628	NA	NA	NA	3	0	0.0000	0
2639	ST131_Cplx	NA	NA	1	0	0.0000	0
2650	NA	NA	NA	5	0	0.0000	0
2659	ST38_Cplx	NA	NA	2	0	0.0000	0
2673	NA	NA	NA	1	0	0.0000	0
2675	NA	NA	NA	4	0	0.0000	0
2678	NA	NA	NA	5	0	0.0000	0
2689	NA	NA	NA	2	0	0.0000	0
2690	NA	NA	NA	4	0	0.0000	0
2705	NA	NA	NA	25	0	0.0000	0
2711	NA	NA	NA	1	0	0.0000	0
2712	NA	NA	NA	1	0	0.0000	0
2713	NA	NA	NA	1	0	0.0000	0
2714	NA	NA	NA	7	0	0.0000	0
2715	NA	NA	NA	10	0	0.0000	0
2722	ST205_Cplx	NA	NA	4	0	0.0000	0
2723	NA	NA	NA	5	0	0.0000	0
2728	NA	NA	NA	3	0	0.0000	0
2732	NA	NA	NA	2	0	0.0000	0
2739	NA	NA	NA	1	0	0.0000	0
2741	NA	NA	NA	1	0	0.0000	0
2772	NA	NA	NA	5	0	0.0000	0
2773	NA	B1	1.000	11	0	0.0000	0
2778	NA	NA	NA	2	0	0.0000	0
2781	NA	NA	NA	1	0	0.0000	0
2785	NA	NA	NA	2	0	0.0000	0
2792	NA	NA	NA	7	0	0.0000	0
2795	NA	NA	NA	15	0	0.0000	0
2797	NA	NA	NA	3	0	0.0000	0
2800	NA	NA	NA	3	0	0.0000	0
2802	NA	F	1.000	4	0	0.0000	0
2803	NA	NA	NA	1	0	0.0000	0
2808	NA	NA	NA	8	0	0.0000	0
2811	NA	NA	NA	7	0	0.0000	0
2836	NA	NA	NA	43	0	0.0000	0
2847	NA	NA	NA	1	0	0.0000	0
2851	NA	NA	NA	2	0	0.0000	0
2852	NA	NA	NA	5	0	0.0000	0
2853	NA	NA	NA	1	0	0.0000	0
2913	ST206_Cplx	NA	NA	1	0	0.0000	0
2914	ST349_Cplx	D	1.000	13	0	0.0000	0
2935	NA	NA	NA	4	4	1.0000	4
2936	NA	NA	NA	3	0	0.0000	0
2946	NA	NA	NA	1	0	0.0000	0
2952	NA	NA	NA	20	0	0.0000	0
2959	NA	NA	NA	3	0	0.0000	0
2964	NA	NA	NA	1	0	0.0000	0
2967	NA	A	1.000	6	0	0.0000	0
2973	NA	NA	NA	10	0	0.0000	0
3006	NA	NA	NA	1	0	0.0000	0
3014	NA	NA	NA	1	0	0.0000	0
3017	NA	NA	NA	1	0	0.0000	0
3018	NA	NA	NA	18	0	0.0000	0
3021	NA	A	1.000	6	0	0.0000	0
3022	NA	NA	NA	1	0	0.0000	0
3032	NA	NA	NA	2	0	0.0000	0
3033	NA	NA	NA	4	0	0.0000	0
3036	NA	NA	NA	2	0	0.0000	0
3042	NA	NA	NA	2	0	0.0000	0
3051	NA	NA	NA	2	0	0.0000	0
3052	ST38_Cplx	NA	NA	3	0	0.0000	0
3053	NA	B2	1.000	5	0	0.0000	0
3056	NA	NA	NA	1	0	0.0000	0
3057	NA	NA	NA	21	0	0.0000	0
3075	NA	NA	NA	4	0	0.0000	0
3076	NA	NA	NA	1	0	0.0000	0
3090	NA	NA	NA	9	0	0.0000	0
3101	ST23_Cplx	NA	NA	16	0	0.0000	0
3107	NA	NA	NA	14	0	0.0000	0
3168	NA	NA	NA	1	0	0.0000	0
3177	ST648_Cplx	NA	NA	1	0	0.0000	0
3188	NA	B1	1.000	8	0	0.0000	0
3190	NA	NA	NA	2	0	0.0000	0
3202	NA	NA	NA	11	0	0.0000	0
3203	NA	NA	NA	1	0	0.0000	0
3232	NA	NA	NA	4	0	0.0000	0
3233	NA	NA	NA	4	0	0.0000	0
3234	NA	NA	NA	3	1	0.3333	1
3246	NA	NA	NA	9	0	0.0000	0
3247	NA	NA	NA	2	0	0.0000	0
3258	NA	NA	NA	1	0	0.0000	0
3268	ST38_Cplx	NA	NA	81	0	0.0000	0
3274	NA	NA	NA	2	0	0.0000	0
3281	NA	NA	NA	2	0	0.0000	0
3285	NA	NA	NA	2	0	0.0000	0
3288	NA	NA	NA	1	0	0.0000	0
3290	NA	F	1.000	3	0	0.0000	0
3301	NA	NA	NA	1	0	0.0000	0
3304	NA	NA	NA	3	0	0.0000	0
3312	NA	NA	NA	3	3	1.0000	3
3321	ST86_Cplx	NA	NA	3	0	0.0000	0
3322	ST86_Cplx	NA	NA	3	0	0.0000	0
3331	NA	NA	NA	10	0	0.0000	0
3339	NA	NA	NA	1	0	0.0000	0
3352	ST12_Cplx	B2	1.000	1	1	1.0000	1
3381	NA	NA	NA	8	0	0.0000	0
3476	NA	NA	NA	3	0	0.0000	0
3478	NA	NA	NA	2	0	0.0000	0
3489	NA	NA	NA	7	0	0.0000	0
3494	NA	NA	NA	1	0	0.0000	0
3497	NA	NA	NA	2	0	0.0000	0
3514	NA	NA	NA	1	0	0.0000	0
3519	NA	NA	NA	4	0	0.0000	0
3520	NA	NA	NA	1	0	0.0000	0
3524	NA	NA	NA	2	0	0.0000	0
3525	NA	NA	NA	1	0	0.0000	0
3541	NA	NA	NA	1	0	0.0000	0
3546	NA	NA	NA	3	0	0.0000	0
3558	NA	NA	NA	1	0	0.0000	0
3559	NA	NA	NA	2	0	0.0000	0
3564	NA	NA	NA	4	0	0.0000	0
3570	NA	NA	NA	7	0	0.0000	0
3573	NA	NA	NA	1	0	0.0000	0
3576	NA	NA	NA	11	0	0.0000	0
3580	NA	NA	NA	88	0	0.0000	0
3586	NA	NA	NA	3	0	0.0000	0
3593	NA	NA	NA	3	0	0.0000	0
3594	NA	NA	NA	2	0	0.0000	0
3601	NA	NA	NA	10	0	0.0000	0
3602	NA	NA	NA	2	0	0.0000	0
3604	NA	NA	NA	1	0	0.0000	0
3607	NA	NA	NA	2	0	0.0000	0
3625	NA	NA	NA	2	0	0.0000	0
3631	NA	NA	NA	1	0	0.0000	0
3640	NA	NA	NA	6	0	0.0000	0
3666	ST38_Cplx	NA	NA	5	0	0.0000	0
3672	NA	NA	NA	9	0	0.0000	0
3692	NA	NA	NA	3	0	0.0000	0
3693	NA	NA	NA	2	0	0.0000	0
3695	NA	NA	NA	14	0	0.0000	0
3696	NA	NA	NA	2	0	0.0000	0
3699	NA	NA	NA	1	1	1.0000	1
3700	NA	NA	NA	1	0	0.0000	0
3703	NA	NA	NA	5	0	0.0000	0
3711	ST354_Cplx	NA	NA	3	0	0.0000	0
3714	NA	NA	NA	3	0	0.0000	0
3721	NA	NA	NA	9	0	0.0000	0
3723	NA	NA	NA	2	0	0.0000	0
3744	NA	NA	NA	4	0	0.0000	0
3748	NA	NA	NA	1	0	0.0000	0
3752	NA	NA	NA	3	0	0.0000	0
3759	NA	NA	NA	3	0	0.0000	0
3764	NA	NA	NA	2	0	0.0000	0
3770	NA	NA	NA	1	0	0.0000	0
3778	NA	NA	NA	3	0	0.0000	0
3782	NA	NA	NA	2	0	0.0000	0
3853	NA	B1	1.000	5	0	0.0000	0
3854	NA	NA	NA	3	0	0.0000	0
3855	NA	B1	1.000	3	0	0.0000	0
3856	NA	NA	NA	3	0	0.0000	0
3857	ST86_Cplx	B1	1.000	2	0	0.0000	0
3858	ST86_Cplx	B1	1.000	1	0	0.0000	0
3859	NA	NA	NA	1	0	0.0000	0
3862	NA	B1	1.000	2	0	0.0000	0
3863	NA	B1	1.000	6	0	0.0000	0
3864	ST23_Cplx	A	1.000	6	0	0.0000	0
3871	NA	NA	NA	1	0	0.0000	0
3873	NA	NA	NA	1	0	0.0000	0
3877	NA	NA	NA	2	0	0.0000	0
3889	NA	NA	NA	1	0	0.0000	0
3897	NA	NA	NA	1	0	0.0000	0
3902	NA	NA	NA	1	0	0.0000	0
3910	NA	NA	NA	12	0	0.0000	0
3924	NA	NA	NA	2	0	0.0000	0
3930	NA	NA	NA	2	0	0.0000	0
3931	NA	A	1.000	2	0	0.0000	0
3933	NA	NA	NA	1	0	0.0000	0
3941	NA	NA	NA	2	0	0.0000	0
3997	NA	NA	NA	1	0	0.0000	0
3998	NA	NA	NA	2	0	0.0000	0
4012	NA	NA	NA	1	0	0.0000	0
4015	NA	NA	NA	3	0	0.0000	0
4017	NA	NA	NA	1	0	0.0000	0
4035	NA	NA	NA	4	0	0.0000	0
4038	NA	NA	NA	30	0	0.0000	0
4040	NA	NA	NA	41	0	0.0000	0
4045	NA	NA	NA	1	0	0.0000	0
4053	NA	NA	NA	1	0	0.0000	0
4058	NA	NA	NA	9	0	0.0000	0
4060	NA	NA	NA	5	0	0.0000	0
4080	NA	NA	NA	4	0	0.0000	0
4087	NA	NA	NA	9	0	0.0000	0
4088	NA	NA	NA	1	0	0.0000	0
4092	NA	NA	NA	1	0	0.0000	0
4093	NA	NA	NA	2	0	0.0000	0
4101	ST582_Cplx	NA	NA	3	0	0.0000	0
4110	NA	NA	NA	2	0	0.0000	0
4118	NA	NA	NA	1	0	0.0000	0
4119	ST28_Cplx	NA	NA	1	0	0.0000	0
4134	NA	NA	NA	3	0	0.0000	0
4151	NA	NA	NA	2	0	0.0000	0
4153	NA	NA	NA	1	0	0.0000	0
4162	ST155_Cplx	NA	NA	3	0	0.0000	0
4175	NA	NA	NA	3	0	0.0000	0
4179	NA	NA	NA	1	0	0.0000	0
4197	NA	NA	NA	2	0	0.0000	0
4198	NA	NA	NA	5	0	0.0000	0
4213	NA	NA	NA	9	0	0.0000	0
4214	NA	NA	NA	1	0	0.0000	0
4221	NA	NA	NA	1	0	0.0000	0
4225	NA	NA	NA	1	0	0.0000	0
4238	NA	NA	NA	2	0	0.0000	0
4243	NA	NA	NA	1	0	0.0000	0
4247	NA	NA	NA	2	0	0.0000	0
4248	NA	NA	NA	1	0	0.0000	0
4260	NA	B2	1.000	3	0	0.0000	0
4267	NA	NA	NA	14	0	0.0000	0
4268	NA	NA	NA	2	0	0.0000	0
4289	NA	NA	NA	1	0	0.0000	0
4296	NA	NA	NA	1	0	0.0000	0
4305	NA	A	1.000	3	0	0.0000	0
4306	NA	NA	NA	3	0	0.0000	0
4358	NA	NA	NA	3	0	0.0000	0
4360	ST469_Cplx	NA	NA	3	0	0.0000	0
4377	NA	NA	NA	1	0	0.0000	0
4381	NA	NA	NA	8	0	0.0000	0
4382	NA	NA	NA	3	0	0.0000	0
4385	ST86_Cplx	NA	NA	1	0	0.0000	0
4389	NA	NA	NA	1	0	0.0000	0
4398	NA	NA	NA	1	0	0.0000	0
4421	NA	NA	NA	2	0	0.0000	0
4424	NA	NA	NA	10	0	0.0000	0
4429	NA	NA	NA	2	0	0.0000	0
4434	NA	NA	NA	1	0	0.0000	0
4450	NA	NA	NA	20	0	0.0000	0
4456	NA	NA	NA	7	0	0.0000	0
4467	NA	NA	NA	1	0	0.0000	0
4481	NA	NA	NA	5	0	0.0000	0
4493	NA	NA	NA	2	0	0.0000	0
4496	NA	NA	NA	22	0	0.0000	0
4512	NA	NA	NA	9	0	0.0000	0
4516	NA	NA	NA	1	0	0.0000	0
4532	NA	NA	NA	3	0	0.0000	0
4535	ST206_Cplx	NA	NA	1	0	0.0000	0
4537	NA	NA	NA	3	0	0.0000	0
4550	NA	B1	1.000	14	0	0.0000	0
4553	ST648_Cplx	NA	NA	3	0	0.0000	0
4554	NA	B2	1.000	24	0	0.0000	0
4566	NA	NA	NA	2	0	0.0000	0
4567	NA	NA	NA	3	0	0.0000	0
4568	NA	NA	NA	1	0	0.0000	0
4576	NA	NA	NA	1	0	0.0000	0
4578	NA	NA	NA	1	0	0.0000	0
4580	NA	NA	NA	3	0	0.0000	0
4590	ST165_Cplx	NA	NA	1	0	0.0000	1
4594	NA	NA	NA	2	0	0.0000	0
4598	NA	NA	NA	3	0	0.0000	0
4612	NA	NA	NA	11	0	0.0000	0
4623	NA	NA	NA	4	0	0.0000	0
4624	NA	NA	NA	4	0	0.0000	0
4627	ST270_Cplx	NA	NA	2	0	0.0000	0
4656	NA	NA	NA	2	0	0.0000	0
4663	NA	NA	NA	7	0	0.0000	0
4681	ST469_Cplx	NA	NA	4	0	0.0000	0
4682	NA	NA	NA	3	0	0.0000	0
4684	NA	NA	NA	52	0	0.0000	0
4702	ST12_Cplx	B2	1.000	1	1	1.0000	1
4704	NA	NA	NA	2	0	0.0000	0
4712	NA	NA	NA	4	0	0.0000	0
4713	ST131_Cplx	NA	NA	1	0	0.0000	0
4732	NA	NA	NA	2	0	0.0000	0
4733	NA	NA	NA	1	0	0.0000	0
4738	NA	NA	NA	3	0	0.0000	0
4741	NA	NA	NA	12	0	0.0000	0
4748	NA	B1	1.000	21	0	0.0000	0
4750	NA	B1	1.000	1	0	0.0000	0
4767	NA	NA	NA	2	0	0.0000	0
4774	NA	NA	NA	1	0	0.0000	0
4942	NA	B1	1.000	23	0	0.0000	0
4959	NA	NA	NA	15	0	0.0000	0
4977	NA	NA	NA	1	0	0.0000	0
4980	NA	NA	NA	14	0	0.0000	0
4981	NA	NA	NA	1	0	0.0000	0
4993	NA	NA	NA	2	0	0.0000	0
4994	NA	NA	NA	1	0	0.0000	0
4995	NA	NA	NA	11	0	0.0000	0
5014	NA	NA	NA	2	0	0.0000	0
5019	NA	NA	NA	1	0	0.0000	0
5037	NA	NA	NA	1	0	0.0000	0
5044	NA	NA	NA	23	0	0.0000	0
5064	NA	NA	NA	1	0	0.0000	0
5073	NA	NA	NA	1	0	0.0000	0
5078	NA	NA	NA	1	0	0.0000	0
5082	NA	B1	1.000	5	0	0.0000	0
5122	NA	NA	NA	2	0	0.0000	0
5130	NA	NA	NA	1	0	0.0000	0
5133	NA	NA	NA	1	0	0.0000	0
5135	NA	NA	NA	1	0	0.0000	0
5150	ST38_Cplx	NA	NA	2	0	0.0000	0
5155	NA	NA	NA	2	0	0.0000	0
5156	NA	NA	NA	2	0	0.0000	0
5161	NA	NA	NA	2	0	0.0000	0
5171	NA	NA	NA	2	0	0.0000	0
5172	NA	NA	NA	2	0	0.0000	0
5173	NA	NA	NA	1	0	0.0000	0
5177	NA	NA	NA	1	0	0.0000	0
5208	NA	NA	NA	2	0	0.0000	0
5218	NA	NA	NA	1	0	0.0000	0
5221	NA	NA	NA	3	0	0.0000	0
5229	ST101_Cplx	NA	NA	1	0	0.0000	0
5233	NA	Shigella	1.000	3	0	0.0000	0
5234	NA	NA	NA	1	0	0.0000	0
5235	NA	NA	NA	4	0	0.0000	0
5236	NA	NA	NA	12	0	0.0000	0
5240	ST245_Cplx	NA	NA	3	0	0.0000	0
5241	ST469_Cplx	B1	1.000	5	0	0.0000	0
5242	ST73_Cplx	B2	1.000	1	1	1.0000	1
5247	NA	NA	NA	1	0	0.0000	0
5251	NA	NA	NA	5	0	0.0000	0
5253	ST73_Cplx	B2	1.000	2	2	1.0000	2
5254	NA	NA	NA	1	0	0.0000	0
5255	NA	NA	NA	1	0	0.0000	0
5257	NA	NA	NA	7	0	0.0000	0
5259	NA	NA	NA	1	0	0.0000	0
5261	NA	NA	NA	20	18	0.9000	18
5263	ST270_Cplx	NA	NA	2	0	0.0000	0
5265	NA	A	1.000	3	0	0.0000	0
5267	NA	NA	NA	3	0	0.0000	0
5273	NA	NA	NA	4	0	0.0000	0
5274	ST73_Cplx	B2	1.000	1	1	1.0000	1
5275	NA	NA	NA	3	0	0.0000	0
5276	NA	NA	NA	4	0	0.0000	0
5277	NA	NA	NA	3	0	0.0000	0
5279	NA	NA	NA	1	0	0.0000	0
5280	NA	NA	NA	1	0	0.0000	0
5281	NA	NA	NA	4	0	0.0000	0
5283	ST245_Cplx	NA	NA	2	0	0.0000	0
5285	NA	NA	NA	4	0	0.0000	0
5286	ST23_Cplx	C	1.000	1	0	0.0000	0
5289	NA	NA	NA	2	0	0.0000	0
5290	ST86_Cplx	NA	NA	4	0	0.0000	0
5292	NA	B2	1.000	30	0	0.0000	0
5293	ST206_Cplx	NA	NA	3	0	0.0000	0
5294	NA	NA	NA	2	0	0.0000	0
5295	NA	NA	NA	2	0	0.0000	0
5296	NA	NA	NA	1	0	0.0000	0
5299	NA	NA	NA	5	0	0.0000	0
5302	NA	NA	NA	1	0	0.0000	0
5305	NA	B1	1.000	16	0	0.0000	0
5307	NA	NA	NA	1	0	0.0000	0
5308	NA	NA	NA	4	0	0.0000	0
5309	NA	NA	NA	7	0	0.0000	0
5310	ST29_Cplx	NA	NA	3	0	0.0000	0
5313	NA	NA	NA	1	0	0.0000	0
5316	ST73_Cplx	B2	1.000	7	7	1.0000	7
5318	NA	NA	NA	3	0	0.0000	0
5321	NA	NA	NA	3	0	0.0000	0
5322	NA	NA	NA	2	0	0.0000	0
5324	ST11_Cplx	NA	NA	1	0	0.0000	0
5325	NA	A	1.000	2	0	0.0000	0
5326	ST20_Cplx	B1	1.000	3	0	0.0000	0
5327	ST59_Cplx	NA	NA	2	0	0.0000	0
5328	NA	B2	1.000	4	0	0.0000	0
5330	NA	NA	NA	1	0	0.0000	0
5331	NA	NA	NA	3	0	0.0000	0
5332	NA	A	1.000	2	0	0.0000	0
5333	NA	NA	NA	1	0	0.0000	0
5334	NA	NA	NA	8	0	0.0000	0
5336	NA	NA	NA	2	0	0.0000	0
5337	NA	B2	1.000	5	5	1.0000	5
5338	NA	A	1.000	3	0	0.0000	0
5339	NA	A	1.000	2	0	0.0000	0
5340	NA	NA	NA	2	0	0.0000	0
5341	NA	NA	NA	1	0	0.0000	0
5342	NA	B2	1.000	25	0	0.0000	0
5343	NA	B1	1.000	10	0	0.0000	0
5347	ST243_Cplx	NA	NA	2	0	0.0000	0
5348	NA	NA	NA	2	0	0.0000	0
5350	NA	NA	NA	5	0	0.0000	0
5351	ST568_Cplx	B2	1.000	8	8	1.0000	8
5352	NA	NA	NA	5	0	0.0000	0
5353	NA	A	1.000	14	0	0.0000	0
5354	NA	NA	NA	1	0	0.0000	0
5357	ST95_Cplx	B2	1.000	1	1	1.0000	1
5359	NA	NA	NA	1	0	0.0000	0
5360	ST95_Cplx	B2	1.000	4	4	1.0000	4
5363	NA	NA	NA	2	0	0.0000	0
5364	NA	B2	1.000	2	2	1.0000	2
5367	NA	B1	1.000	2	0	0.0000	0
5369	ST73_Cplx	B2	1.000	2	2	1.0000	2
5370	NA	B2	1.000	4	4	1.0000	4
5372	NA	NA	NA	1	0	0.0000	0
5373	NA	NA	NA	1	0	0.0000	0
5374	ST29_Cplx	NA	NA	10	0	0.0000	0
5376	ST101_Cplx	NA	NA	3	0	0.0000	0
5377	ST405_Cplx	D	1.000	1	0	0.0000	0
5378	NA	NA	NA	4	0	0.0000	0
5379	NA	NA	NA	2	0	0.0000	0
5380	NA	NA	NA	1	0	0.0000	0
5381	ST28_Cplx	NA	NA	3	0	0.0000	0
5384	ST568_Cplx	B2	1.000	1	1	1.0000	1
5385	NA	A	1.000	2	0	0.0000	0
5386	NA	NA	NA	2	0	0.0000	0
5388	ST95_Cplx	NA	NA	1	1	1.0000	1
5389	ST12_Cplx	B2	1.000	5	5	1.0000	5
5392	NA	NA	NA	1	0	0.0000	0
5394	NA	B2	1.000	2	0	0.0000	0
5395	NA	NA	NA	3	0	0.0000	0
5396	ST278_Cplx	B1	1.000	2	0	0.0000	0
5398	ST73_Cplx	NA	NA	1	1	1.0000	1
5400	ST245_Cplx	NA	NA	2	0	0.0000	0
5403	NA	NA	NA	1	0	0.0000	0
5404	NA	NA	NA	2	0	0.0000	0
5405	NA	NA	NA	1	0	0.0000	0
5406	NA	NA	NA	2	0	0.0000	0
5407	ST95_Cplx	B2	1.000	2	0	0.0000	0
5409	NA	NA	NA	2	0	0.0000	0
5410	ST23_Cplx	NA	NA	1	0	0.0000	0
5413	NA	B1	1.000	2	0	0.0000	0
5414	NA	NA	NA	1	0	0.0000	0
5415	ST278_Cplx	NA	NA	1	0	0.0000	0
5416	NA	NA	NA	2	0	0.0000	0
5418	NA	NA	NA	15	0	0.0000	0
5419	NA	NA	NA	9	0	0.0000	0
5420	NA	NA	NA	2	0	0.0000	0
5421	ST29_Cplx	NA	NA	5	0	0.0000	0
5424	NA	NA	NA	1	0	0.0000	0
5425	NA	B2	1.000	1	1	1.0000	1
5426	NA	NA	NA	13	0	0.0000	0
5427	ST165_Cplx	NA	NA	1	0	0.0000	0
5429	NA	B1	1.000	1	0	0.0000	0
5430	NA	B2	1.000	5	0	0.0000	0
5432	NA	B2	1.000	1	0	0.0000	0
5435	NA	NA	NA	2	0	0.0000	0
5438	ST59_Cplx	NA	NA	2	0	0.0000	0
5440	NA	NA	NA	1	0	0.0000	0
5441	NA	NA	NA	1	0	0.0000	0
5444	NA	NA	NA	3	0	0.0000	0
5445	ST28_Cplx	NA	NA	2	0	0.0000	0
5449	NA	NA	NA	3	0	0.0000	0
5451	NA	NA	NA	2	0	0.0000	0
5455	NA	NA	NA	2	0	0.0000	0
5457	NA	B2	1.000	2	2	1.0000	2
5460	NA	NA	NA	2	0	0.0000	0
5461	ST95_Cplx	B2	1.000	2	2	1.0000	2
5466	ST13_Cplx	NA	NA	2	0	0.0000	0
5468	ST131_Cplx	B2	1.000	2	0	0.0000	0
5469	NA	NA	NA	1	0	0.0000	0
5470	ST23_Cplx	NA	NA	1	0	0.0000	0
5474	NA	NA	NA	1	0	0.0000	0
5475	NA	NA	NA	18	0	0.0000	0
5478	NA	NA	NA	2	0	0.0000	0
5480	NA	NA	NA	1	0	0.0000	0
5482	NA	NA	NA	1	0	0.0000	0
5484	ST95_Cplx	B2	1.000	3	0	0.0000	0
5485	ST469_Cplx	B1	1.000	2	0	0.0000	0
5486	NA	NA	NA	2	0	0.0000	0
5487	NA	NA	NA	13	0	0.0000	0
5488	ST11_Cplx	NA	NA	3	0	0.0000	0
5491	NA	C	1.000	2	0	0.0000	0
5492	ST14_Cplx	NA	NA	1	1	1.0000	1
5493	NA	NA	NA	2	0	0.0000	0
5496	NA	B1	1.000	1	0	0.0000	0
5498	NA	NA	NA	2	0	0.0000	0
5499	NA	NA	NA	1	0	0.0000	0
5501	ST29_Cplx	NA	NA	1	0	0.0000	0
5502	NA	NA	NA	1	0	0.0000	0
5503	NA	NA	NA	5	0	0.0000	0
5505	NA	A	1.000	3	0	0.0000	0
5507	NA	NA	NA	1	0	0.0000	0
5508	NA	NA	NA	4	0	0.0000	0
5515	NA	NA	NA	1	0	0.0000	0
5516	ST11_Cplx	NA	NA	9	0	0.0000	0
5518	ST165_Cplx	NA	NA	6	0	0.0000	0
5519	NA	NA	NA	4	0	0.0000	0
5520	NA	D	1.000	1	0	0.0000	0
5523	NA	NA	NA	4	0	0.0000	0
5526	ST95_Cplx	B2	1.000	2	2	1.0000	2
5527	NA	NA	NA	1	0	0.0000	0
5528	NA	NA	NA	1	0	0.0000	0
5530	ST155_Cplx	NA	NA	2	0	0.0000	0
5533	NA	NA	NA	8	0	0.0000	0
5534	NA	NA	NA	1	0	0.0000	0
5536	NA	NA	NA	8	0	0.0000	0
5538	NA	NA	NA	1	0	0.0000	0
5539	NA	NA	NA	1	0	0.0000	0
5542	NA	NA	NA	3	0	0.0000	0
5543	NA	A	1.000	1	0	0.0000	0
5544	NA	NA	NA	1	0	0.0000	0
5546	ST73_Cplx	B2	1.000	1	1	1.0000	1
5548	NA	NA	NA	1	0	0.0000	0
5549	NA	NA	NA	1	0	0.0000	0
5553	NA	NA	NA	2	0	0.0000	0
5555	ST29_Cplx	B1	1.000	4	0	0.0000	0
5558	NA	NA	NA	1	0	0.0000	0
5559	NA	NA	NA	11	0	0.0000	0
5560	ST11_Cplx	E	1.000	10	0	0.0000	0
5561	ST73_Cplx	B2	1.000	2	2	1.0000	2
5563	ST152_Cplx	NA	NA	2	0	0.0000	0
5564	NA	NA	NA	1	0	0.0000	0
5565	NA	NA	NA	2	0	0.0000	0
5567	NA	NA	NA	1	0	0.0000	0
5568	NA	NA	NA	1	0	0.0000	0
5571	NA	NA	NA	2	0	0.0000	0
5572	NA	NA	NA	1	0	0.0000	0
5575	NA	NA	NA	8	0	0.0000	0
5576	NA	NA	NA	1	0	0.0000	0
5578	NA	NA	NA	2	0	0.0000	0
5580	NA	NA	NA	1	0	0.0000	0
5581	NA	NA	NA	1	0	0.0000	0
5582	NA	NA	NA	3	0	0.0000	0
5583	NA	NA	NA	1	0	0.0000	0
5584	NA	NA	NA	9	0	0.0000	0
5585	NA	B2	1.000	2	2	1.0000	2
5587	NA	NA	NA	2	0	0.0000	0
5589	NA	NA	NA	1	0	0.0000	0
5590	NA	NA	NA	4	0	0.0000	0
5592	NA	NA	NA	3	0	0.0000	0
5593	NA	D	1.000	2	0	0.0000	0
5594	NA	NA	NA	3	0	0.0000	0
5596	NA	NA	NA	2	0	0.0000	0
5597	NA	NA	NA	3	0	0.0000	0
5599	NA	NA	NA	1	0	0.0000	0
5601	NA	NA	NA	6	0	0.0000	0
5602	NA	NA	NA	2	0	0.0000	0
5604	ST12_Cplx	B2	1.000	1	1	1.0000	1
5608	ST152_Cplx	NA	NA	1	0	0.0000	0
5609	ST568_Cplx	B2	1.000	1	1	1.0000	1
5614	NA	B1	1.000	4	0	0.0000	0
5617	NA	NA	NA	2	0	0.0000	0
5618	ST278_Cplx	B1	1.000	1	0	0.0000	0
5619	NA	NA	NA	3	0	0.0000	0
5621	ST20_Cplx	NA	NA	1	0	0.0000	0
5622	NA	NA	NA	1	0	0.0000	0
5625	NA	NA	NA	1	0	0.0000	0
5628	NA	B1	1.000	3	0	0.0000	0
5629	ST73_Cplx	B2	1.000	2	0	0.0000	0
5630	ST131_Cplx	B2	1.000	1	0	0.0000	0
5631	NA	NA	NA	1	0	0.0000	0
5637	ST131_Cplx	NA	NA	1	0	0.0000	0
5639	NA	D	1.000	1	0	0.0000	0
5642	NA	B2	1.000	1	0	0.0000	0
5644	NA	NA	NA	6	0	0.0000	0
5645	ST131_Cplx	NA	NA	1	0	0.0000	0
5646	ST95_Cplx	B2	1.000	1	1	1.0000	1
5648	ST101_Cplx	B1	1.000	2	0	0.0000	0
5649	NA	NA	NA	1	0	0.0000	0
5652	NA	NA	NA	5	0	0.0000	0
5653	NA	A	1.000	2	0	0.0000	0
5654	NA	NA	NA	1	0	0.0000	0
5655	NA	NA	NA	2	0	0.0000	0
5658	ST152_Cplx	NA	NA	1	0	0.0000	0
5660	NA	NA	NA	1	0	0.0000	0
5662	NA	D	1.000	5	0	0.0000	0
5663	NA	NA	NA	3	0	0.0000	0
5667	NA	NA	NA	1	0	0.0000	0
5669	ST14_Cplx	B2	1.000	2	2	1.0000	2
5670	ST152_Cplx	NA	NA	1	0	0.0000	0
5672	ST245_Cplx	NA	NA	1	0	0.0000	0
5675	NA	NA	NA	3	0	0.0000	0
5676	NA	NA	NA	1	0	0.0000	0
5677	ST29_Cplx	NA	NA	1	0	0.0000	0
5678	ST95_Cplx	B2	1.000	2	2	1.0000	2
5679	NA	NA	NA	1	0	0.0000	0
5680	NA	NA	NA	4	0	0.0000	0
5681	NA	NA	NA	32	0	0.0000	0
5682	ST29_Cplx	NA	NA	1	0	0.0000	0
5683	NA	NA	NA	2	0	0.0000	0
5705	NA	NA	NA	1	0	0.0000	0
5708	NA	NA	NA	1	0	0.0000	0
5722	NA	NA	NA	1	0	0.0000	0
5724	ST29_Cplx	NA	NA	1	0	0.0000	0
5725	ST29_Cplx	NA	NA	1	0	0.0000	0
5726	ST20_Cplx	NA	NA	2	0	0.0000	0
5728	NA	NA	NA	7	0	0.0000	0
5731	NA	NA	NA	4	0	0.0000	0
5732	ST29_Cplx	NA	NA	6	0	0.0000	0
5733	NA	NA	NA	14	0	0.0000	0
5736	NA	NA	NA	1	0	0.0000	0
5737	NA	NA	NA	1	0	0.0000	0
5738	NA	B1	1.000	39	39	1.0000	39
5739	NA	NA	NA	1	0	0.0000	0
5740	NA	NA	NA	6	0	0.0000	0
5743	NA	NA	NA	6	0	0.0000	0
5744	ST165_Cplx	NA	NA	3	0	0.0000	0
5746	NA	NA	NA	1	0	0.0000	0
5748	NA	NA	NA	8	0	0.0000	0
5749	NA	NA	NA	4	0	0.0000	0
5751	NA	NA	NA	2	0	0.0000	0
5756	NA	NA	NA	2	0	0.0000	0
5757	NA	NA	NA	1	0	0.0000	0
5758	NA	NA	NA	1	0	0.0000	0
5759	NA	NA	NA	2	0	0.0000	0
5763	NA	NA	NA	4	0	0.0000	0
5764	ST206_Cplx	NA	NA	1	0	0.0000	0
5765	NA	NA	NA	1	0	0.0000	0
5766	NA	NA	NA	4	0	0.0000	0
5768	NA	NA	NA	1	0	0.0000	0
5769	NA	NA	NA	1	0	0.0000	0
5772	NA	NA	NA	1	0	0.0000	0
5775	NA	NA	NA	1	0	0.0000	0
5778	ST38_Cplx	NA	NA	1	0	0.0000	0
5779	NA	NA	NA	1	0	0.0000	0
5780	NA	NA	NA	1	0	0.0000	0
5784	NA	NA	NA	1	0	0.0000	0
5786	NA	NA	NA	1	0	0.0000	0
5793	NA	NA	NA	1	0	0.0000	0
5797	NA	NA	NA	4	0	0.0000	0
5798	NA	NA	NA	1	0	0.0000	0
5800	NA	NA	NA	1	0	0.0000	0
5811	NA	NA	NA	6	0	0.0000	0
5822	NA	NA	NA	3	0	0.0000	0
5824	NA	NA	NA	1	0	0.0000	0
5825	NA	NA	NA	1	0	0.0000	0
5826	NA	NA	NA	2	0	0.0000	0
5834	NA	NA	NA	1	0	0.0000	0
5840	NA	NA	NA	2	0	0.0000	0
5841	NA	NA	NA	1	0	0.0000	0
5846	NA	NA	NA	4	0	0.0000	0
5853	NA	NA	NA	1	0	0.0000	0
5869	NA	NA	NA	1	0	0.0000	0
5876	NA	NA	NA	1	0	0.0000	0
5881	NA	NA	NA	1	0	0.0000	0
5891	NA	NA	NA	4	0	0.0000	0
5892	ST29_Cplx	NA	NA	2	0	0.0000	0
5895	ST131_Cplx	NA	NA	1	0	0.0000	0
5897	NA	NA	NA	9	0	0.0000	0
5901	NA	NA	NA	2	0	0.0000	0
5902	NA	NA	NA	1	0	0.0000	0
5903	NA	NA	NA	5	0	0.0000	0
5907	NA	NA	NA	3	0	0.0000	0
5908	NA	NA	NA	3	0	0.0000	0
5909	NA	NA	NA	2	0	0.0000	0
5910	NA	NA	NA	1	0	0.0000	0
5912	NA	NA	NA	1	0	0.0000	0
5913	NA	NA	NA	1	0	0.0000	0
5914	NA	NA	NA	1	0	0.0000	0
5915	NA	NA	NA	1	0	0.0000	0
5916	ST156_Cplx	NA	NA	2	0	0.0000	0
5917	NA	NA	NA	1	0	0.0000	0
5918	ST278_Cplx	NA	NA	1	0	0.0000	0
5919	NA	NA	NA	2	0	0.0000	0
5923	NA	NA	NA	5	0	0.0000	0
5924	NA	NA	NA	1	0	0.0000	0
5925	ST23_Cplx	NA	NA	3	0	0.0000	0
5928	NA	NA	NA	1	0	0.0000	0
5934	NA	NA	NA	3	0	0.0000	0
5935	NA	NA	NA	11	0	0.0000	0
5936	NA	NA	NA	1	0	0.0000	0
5937	NA	NA	NA	2	0	0.0000	0
5938	NA	NA	NA	1	0	0.0000	0
5939	NA	NA	NA	1	0	0.0000	0
5940	NA	NA	NA	6	0	0.0000	0
5943	NA	NA	NA	3	0	0.0000	0
5945	ST86_Cplx	NA	NA	1	0	0.0000	0
5952	ST206_Cplx	NA	NA	3	0	0.0000	0
5953	NA	NA	NA	1	0	0.0000	0
5955	ST73_Cplx	NA	NA	1	1	1.0000	1
5956	NA	NA	NA	2	0	0.0000	0
5957	ST101_Cplx	NA	NA	2	0	0.0000	0
5960	ST205_Cplx	NA	NA	2	0	0.0000	0
5961	ST12_Cplx	NA	NA	1	1	1.0000	1
5965	NA	NA	NA	1	0	0.0000	0
5966	NA	NA	NA	1	0	0.0000	0
5968	NA	NA	NA	2	0	0.0000	0
5971	NA	NA	NA	1	0	0.0000	0
5972	ST95_Cplx	NA	NA	1	1	1.0000	1
5973	NA	NA	NA	8	0	0.0000	0
5974	NA	NA	NA	1	0	0.0000	0
5975	NA	NA	NA	2	0	0.0000	0
5976	ST278_Cplx	NA	NA	1	0	0.0000	0
5977	NA	NA	NA	1	0	0.0000	0
5978	NA	NA	NA	1	0	0.0000	0
5979	NA	NA	NA	3	0	0.0000	0
5985	NA	NA	NA	1	0	0.0000	0
5987	NA	NA	NA	1	0	0.0000	0
5989	NA	NA	NA	2	0	0.0000	0
5995	NA	NA	NA	4	0	0.0000	0
5996	NA	NA	NA	5	0	0.0000	0
5998	NA	NA	NA	2	0	0.0000	0
5999	ST73_Cplx	NA	NA	3	3	1.0000	3
6002	NA	NA	NA	2	0	0.0000	0
6004	NA	NA	NA	2	0	0.0000	0
6007	NA	NA	NA	1	0	0.0000	0
6009	NA	NA	NA	12	0	0.0000	0
6013	NA	NA	NA	1	0	0.0000	0
6015	NA	NA	NA	2	0	0.0000	0
6016	ST168_Cplx	NA	NA	3	0	0.0000	0
6021	NA	NA	NA	3	0	0.0000	0
6022	NA	NA	NA	1	0	0.0000	0
6024	NA	NA	NA	1	0	0.0000	0
6025	NA	NA	NA	1	0	0.0000	0
6026	ST469_Cplx	NA	NA	1	0	0.0000	0
6029	ST23_Cplx	NA	NA	2	0	0.0000	0
6031	NA	NA	NA	1	0	0.0000	0
6032	NA	NA	NA	2	0	0.0000	0
6033	NA	NA	NA	1	0	0.0000	0
6034	NA	NA	NA	2	0	0.0000	0
6037	ST11_Cplx	NA	NA	1	0	0.0000	0
6038	NA	NA	NA	1	0	0.0000	0
6039	ST11_Cplx	NA	NA	1	0	0.0000	0
6041	NA	NA	NA	1	0	0.0000	0
6042	NA	NA	NA	1	0	0.0000	0
6043	NA	NA	NA	1	0	0.0000	0
6044	ST122_Cplx	NA	NA	6	0	0.0000	0
6045	ST122_Cplx	NA	NA	1	0	0.0000	0
6046	NA	NA	NA	1	0	0.0000	0
6060	NA	NA	NA	8	0	0.0000	0
6069	NA	NA	NA	1	0	0.0000	0
6070	NA	NA	NA	1	0	0.0000	0
6071	NA	NA	NA	2	0	0.0000	0
6073	NA	NA	NA	1	0	0.0000	0
6075	ST86_Cplx	NA	NA	1	0	0.0000	0
6076	NA	NA	NA	1	0	0.0000	0
6077	NA	NA	NA	1	0	0.0000	0
6080	ST95_Cplx	NA	NA	1	0	0.0000	0
6082	NA	NA	NA	3	0	0.0000	0
6085	ST399_Cplx	NA	NA	1	0	0.0000	0
6086	NA	NA	NA	1	0	0.0000	0
6087	NA	NA	NA	2	2	1.0000	2
6088	ST155_Cplx	NA	NA	1	0	0.0000	0
6089	NA	NA	NA	1	1	1.0000	1
6091	NA	NA	NA	1	1	1.0000	1
6092	NA	NA	NA	1	1	1.0000	1
6096	NA	NA	NA	6	0	0.0000	0
6099	NA	NA	NA	1	0	0.0000	0
6101	NA	NA	NA	1	0	0.0000	0
6103	NA	NA	NA	1	0	0.0000	0
6107	ST95_Cplx	NA	NA	1	1	1.0000	1
6113	NA	NA	NA	5	0	0.0000	0
6117	NA	NA	NA	1	0	0.0000	0
6118	NA	NA	NA	1	0	0.0000	0
6120	NA	NA	NA	1	0	0.0000	0
6123	NA	NA	NA	1	0	0.0000	0
6126	NA	NA	NA	1	0	0.0000	0
6130	ST32_Cplx	E	1.000	3	0	0.0000	0
6134	ST95_Cplx	NA	NA	1	1	1.0000	1
6139	ST245_Cplx	NA	NA	1	0	0.0000	1
6140	NA	NA	NA	1	0	0.0000	0
6142	NA	NA	NA	20	0	0.0000	0
6145	ST278_Cplx	NA	NA	1	0	0.0000	0
6146	NA	NA	NA	1	0	0.0000	0
6148	NA	NA	NA	1	0	0.0000	0
6149	ST568_Cplx	NA	NA	1	1	1.0000	1
6150	NA	NA	NA	2	0	0.0000	0
6151	NA	NA	NA	8	0	0.0000	0
6152	NA	NA	NA	1	0	0.0000	0
6153	NA	NA	NA	1	0	0.0000	0
6155	NA	NA	NA	1	0	0.0000	0
6157	NA	NA	NA	1	0	0.0000	0
6159	NA	NA	NA	1	0	0.0000	0
6160	NA	NA	NA	1	0	0.0000	0
6161	NA	NA	NA	2	0	0.0000	0
6162	NA	NA	NA	1	0	0.0000	0
6163	NA	NA	NA	1	0	0.0000	0
6166	ST95_Cplx	NA	NA	1	1	1.0000	1
6175	NA	NA	NA	2	0	0.0000	0
6178	NA	NA	NA	2	0	0.0000	0
6186	NA	NA	NA	2	0	0.0000	0
6188	NA	NA	NA	1	0	0.0000	0
6189	NA	NA	NA	2	0	0.0000	0
6190	NA	NA	NA	2	0	0.0000	0
6194	NA	NA	NA	2	0	0.0000	0
6197	NA	NA	NA	1	0	0.0000	0
6198	NA	NA	NA	1	0	0.0000	0
6199	ST59_Cplx	NA	NA	4	0	0.0000	0
6200	ST245_Cplx	NA	NA	5	0	0.0000	0
6205	NA	NA	NA	1	0	0.0000	0
6206	NA	NA	NA	3	0	0.0000	0
6207	NA	NA	NA	2	0	0.0000	0
6209	NA	NA	NA	1	0	0.0000	0
6210	NA	NA	NA	1	1	1.0000	1
6211	NA	NA	NA	1	0	0.0000	0
6212	NA	NA	NA	1	0	0.0000	0
6215	NA	NA	NA	1	0	0.0000	0
6223	NA	NA	NA	2	0	0.0000	0
6226	NA	NA	NA	1	0	0.0000	0
6228	NA	NA	NA	1	0	0.0000	0
6231	ST73_Cplx	NA	NA	1	1	1.0000	1
6232	NA	NA	NA	4	0	0.0000	0
6233	NA	NA	NA	4	0	0.0000	0
6234	NA	NA	NA	1	0	0.0000	0
6236	NA	NA	NA	2	0	0.0000	0
6237	NA	NA	NA	2	0	0.0000	0
6239	NA	NA	NA	2	0	0.0000	0
6240	NA	NA	NA	1	0	0.0000	0
6241	NA	NA	NA	1	0	0.0000	0
6243	NA	NA	NA	1	0	0.0000	0
6245	ST446_Cplx	NA	NA	1	0	0.0000	0
6247	NA	NA	NA	1	0	0.0000	0
6248	ST29_Cplx	B1	1.000	2	0	0.0000	0
6249	NA	NA	NA	1	0	0.0000	0
6251	NA	NA	NA	1	0	0.0000	0
6252	ST131_Cplx	NA	NA	1	0	0.0000	0
6254	ST155_Cplx	NA	NA	1	0	0.0000	0
6255	NA	NA	NA	2	0	0.0000	0
6256	NA	NA	NA	1	0	0.0000	0
6257	NA	NA	NA	1	0	0.0000	0
6259	ST13_Cplx	NA	NA	4	0	0.0000	0
6260	NA	NA	NA	2	0	0.0000	0
6262	NA	NA	NA	3	0	0.0000	0
6265	NA	B1	1.000	7	0	0.0000	0
6267	NA	B1	1.000	1	0	0.0000	0
6268	NA	NA	NA	2	0	0.0000	0
6269	NA	NA	NA	1	0	0.0000	0
6270	NA	NA	NA	3	0	0.0000	0
6272	NA	NA	NA	15	0	0.0000	0
6274	NA	NA	NA	7	0	0.0000	0
6275	NA	NA	NA	5	0	0.0000	0
6276	NA	NA	NA	1	0	0.0000	0
6278	NA	NA	NA	2	0	0.0000	0
6303	ST31_Cplx	NA	NA	7	0	0.0000	0
6315	ST28_Cplx	NA	NA	1	0	0.0000	0
6316	NA	NA	NA	3	0	0.0000	0
6318	ST206_Cplx	NA	NA	1	0	0.0000	0
6319	NA	NA	NA	1	0	0.0000	0
6321	NA	NA	NA	2	0	0.0000	0
6322	NA	NA	NA	2	0	0.0000	0
6323	ST28_Cplx	NA	NA	1	0	0.0000	0
6331	NA	NA	NA	1	0	0.0000	0
6332	NA	NA	NA	2	0	0.0000	0
6335	NA	NA	NA	3	0	0.0000	0
6338	NA	NA	NA	2	0	0.0000	0
6340	NA	NA	NA	1	0	0.0000	0
6341	NA	NA	NA	2	0	0.0000	0
6342	NA	NA	NA	1	0	0.0000	0
6344	NA	NA	NA	3	0	0.0000	0
6345	NA	NA	NA	1	0	0.0000	0
6347	NA	NA	NA	2	0	0.0000	0
6355	ST12_Cplx	NA	NA	1	1	1.0000	1
6359	NA	NA	NA	22	0	0.0000	0
6363	NA	NA	NA	1	0	0.0000	0
6364	NA	NA	NA	1	0	0.0000	0
6365	ST101_Cplx	NA	NA	1	0	0.0000	0
6366	NA	B1	1.000	2	0	0.0000	0
6367	ST245_Cplx	NA	NA	1	0	0.0000	1
6369	ST245_Cplx	NA	NA	1	0	0.0000	0
6370	ST243_Cplx	NA	NA	3	0	0.0000	0
6373	NA	NA	NA	2	0	0.0000	0
6375	ST73_Cplx	NA	NA	3	3	1.0000	3
6379	NA	NA	NA	2	0	0.0000	0
6380	NA	NA	NA	1	0	0.0000	0
6381	NA	NA	NA	1	0	0.0000	0
6382	NA	NA	NA	1	0	0.0000	0
6385	ST73_Cplx	NA	NA	1	1	1.0000	1
6389	NA	NA	NA	7	0	0.0000	0
6392	NA	NA	NA	1	0	0.0000	0
6395	NA	NA	NA	1	0	0.0000	0
6396	NA	NA	NA	1	0	0.0000	0
6398	NA	NA	NA	1	0	0.0000	0
6401	NA	NA	NA	1	0	0.0000	0
6408	NA	NA	NA	1	0	0.0000	0
6409	NA	NA	NA	1	0	0.0000	0
6410	NA	NA	NA	1	0	0.0000	0
6411	NA	NA	NA	1	0	0.0000	0
6413	NA	NA	NA	1	0	0.0000	0
6418	NA	NA	NA	1	0	0.0000	0
6419	NA	NA	NA	1	0	0.0000	0
6421	ST23_Cplx	NA	NA	12	0	0.0000	0
6422	NA	NA	NA	4	0	0.0000	0
6423	NA	NA	NA	1	0	0.0000	0
6426	NA	NA	NA	1	0	0.0000	0
6431	NA	NA	NA	4	0	0.0000	0
6436	NA	NA	NA	1	0	0.0000	0
6438	NA	NA	NA	1	0	0.0000	0
6445	NA	NA	NA	3	0	0.0000	0
6446	NA	NA	NA	1	0	0.0000	0
6447	NA	NA	NA	2	0	0.0000	0
6451	ST648_Cplx	NA	NA	1	0	0.0000	0
6452	NA	NA	NA	94	0	0.0000	0
6453	NA	NA	NA	3	0	0.0000	0
6456	ST95_Cplx	NA	NA	1	1	1.0000	1
6465	NA	NA	NA	3	0	0.0000	0
6466	NA	NA	NA	2	0	0.0000	0
6468	NA	NA	NA	1	0	0.0000	0
6473	NA	NA	NA	1	0	0.0000	0
6475	NA	NA	NA	5	0	0.0000	0
6476	NA	NA	NA	2	0	0.0000	0
6477	ST29_Cplx	NA	NA	1	0	0.0000	0
6479	NA	NA	NA	1	0	0.0000	0
6481	NA	NA	NA	1	0	0.0000	0
6483	ST12_Cplx	NA	NA	2	2	1.0000	2
6484	NA	NA	NA	3	0	0.0000	0
6485	ST73_Cplx	NA	NA	1	1	1.0000	1
6488	NA	NA	NA	2	0	0.0000	0
6493	NA	NA	NA	2	0	0.0000	0
6496	NA	NA	NA	1	0	0.0000	0
6497	NA	NA	NA	1	0	0.0000	0
6498	NA	NA	NA	1	0	0.0000	0
6501	NA	NA	NA	1	0	0.0000	0
6502	NA	NA	NA	2	0	0.0000	0
6506	NA	NA	NA	3	0	0.0000	0
6508	NA	NA	NA	1	0	0.0000	0
6509	NA	NA	NA	1	0	0.0000	0
6510	NA	NA	NA	1	0	0.0000	0
6512	NA	NA	NA	1	0	0.0000	0
6514	NA	NA	NA	1	0	0.0000	0
6520	NA	NA	NA	5	0	0.0000	0
6521	NA	NA	NA	1	0	0.0000	0
6524	NA	NA	NA	1	0	0.0000	0
6525	NA	NA	NA	1	0	0.0000	0
6526	NA	NA	NA	1	0	0.0000	0
6527	NA	NA	NA	3	3	1.0000	3
6530	ST14_Cplx	NA	NA	5	0	0.0000	0
6531	NA	NA	NA	1	0	0.0000	0
6536	NA	NA	NA	1	0	0.0000	0
6537	NA	NA	NA	2	0	0.0000	0
6538	ST155_Cplx	NA	NA	2	2	1.0000	2
6539	NA	NA	NA	1	0	0.0000	0
6546	NA	NA	NA	1	0	0.0000	0
6547	NA	NA	NA	1	0	0.0000	0
6552	NA	NA	NA	1	0	0.0000	0
6559	NA	NA	NA	5	0	0.0000	0
6560	NA	NA	NA	1	0	0.0000	0
6563	ST278_Cplx	NA	NA	1	0	0.0000	0
6566	NA	NA	NA	1	0	0.0000	1
6567	NA	NA	NA	1	0	0.0000	0
6570	NA	NA	NA	1	0	0.0000	0
6572	ST12_Cplx	NA	NA	2	2	1.0000	2
6573	NA	NA	NA	1	0	0.0000	0
6574	NA	NA	NA	1	0	0.0000	0
6575	NA	NA	NA	1	0	0.0000	0
6578	NA	NA	NA	1	0	0.0000	0
6579	NA	NA	NA	2	0	0.0000	0
6582	NA	NA	NA	1	0	0.0000	0
6584	NA	NA	NA	1	0	0.0000	0
6590	ST73_Cplx	NA	NA	1	1	1.0000	1
6591	NA	NA	NA	6	0	0.0000	0
6592	NA	NA	NA	2	0	0.0000	0
6594	NA	NA	NA	1	0	0.0000	0
6595	NA	NA	NA	1	0	0.0000	0
6596	NA	NA	NA	1	0	0.0000	0
6597	NA	NA	NA	1	0	0.0000	0
6599	NA	NA	NA	1	0	0.0000	0
6603	NA	NA	NA	1	0	0.0000	0
6604	NA	NA	NA	2	0	0.0000	0
6609	NA	NA	NA	1	0	0.0000	0
6610	NA	NA	NA	1	0	0.0000	0
6611	NA	NA	NA	1	0	0.0000	0
6614	NA	NA	NA	1	0	0.0000	0
6618	NA	NA	NA	1	0	0.0000	0
6620	ST23_Cplx	NA	NA	1	0	0.0000	0
6622	NA	NA	NA	1	0	0.0000	0
6625	ST29_Cplx	NA	NA	1	0	0.0000	0
6630	NA	NA	NA	1	0	0.0000	0
6632	NA	NA	NA	1	0	0.0000	0
6633	NA	NA	NA	1	0	0.0000	0
6636	NA	NA	NA	5	0	0.0000	0
6638	NA	NA	NA	2	0	0.0000	0
6639	NA	NA	NA	5	0	0.0000	0
6640	ST155_Cplx	NA	NA	1	0	0.0000	0
6641	NA	NA	NA	2	0	0.0000	0
6643	NA	NA	NA	3	0	0.0000	0
6644	NA	NA	NA	1	0	0.0000	0
6645	NA	NA	NA	1	0	0.0000	0
6646	NA	NA	NA	1	0	0.0000	0
6655	NA	NA	NA	1	0	0.0000	0
6656	NA	NA	NA	1	0	0.0000	0
6658	NA	NA	NA	1	0	0.0000	0
6660	ST29_Cplx	NA	NA	3	0	0.0000	0
6661	NA	NA	NA	1	0	0.0000	0
6666	ST245_Cplx	NA	NA	1	0	0.0000	0
6669	NA	NA	NA	2	0	0.0000	0
6671	NA	NA	NA	4	0	0.0000	0
6672	NA	NA	NA	1	0	0.0000	0
6674	NA	NA	NA	1	0	0.0000	0
6675	NA	NA	NA	1	0	0.0000	0
6676	ST245_Cplx	NA	NA	1	0	0.0000	0
6683	NA	NA	NA	1	0	0.0000	0
6684	NA	NA	NA	1	0	0.0000	0
6688	ST29_Cplx	NA	NA	2	0	0.0000	0
6689	NA	NA	NA	1	0	0.0000	0
6690	NA	NA	NA	1	0	0.0000	1
6691	NA	NA	NA	4	0	0.0000	0
6693	NA	NA	NA	1	0	0.0000	0
6700	NA	NA	NA	2	0	0.0000	0
6701	NA	NA	NA	21	0	0.0000	0
6707	NA	NA	NA	2	0	0.0000	0
6721	NA	NA	NA	1	0	0.0000	0
6725	ST206_Cplx	NA	NA	2	0	0.0000	0
6726	NA	NA	NA	1	0	0.0000	0
6730	NA	NA	NA	1	0	0.0000	0
6732	NA	NA	NA	1	0	0.0000	0
6736	NA	NA	NA	1	0	0.0000	0
6747	NA	NA	NA	1	0	0.0000	0
6753	NA	NA	NA	3	0	0.0000	0
6754	NA	NA	NA	1	0	0.0000	0
6756	NA	NA	NA	3	0	0.0000	0
6760	NA	NA	NA	1	0	0.0000	0
6761	NA	NA	NA	1	0	0.0000	0
6765	NA	NA	NA	2	0	0.0000	0
6766	NA	NA	NA	1	0	0.0000	0
6767	ST95_Cplx	NA	NA	6	6	1.0000	6
6768	NA	NA	NA	1	0	0.0000	0
6770	NA	NA	NA	1	0	0.0000	0
6772	NA	NA	NA	1	0	0.0000	0
6778	NA	NA	NA	1	0	0.0000	0
6786	NA	NA	NA	1	0	0.0000	0
6794	NA	NA	NA	1	0	0.0000	0
6805	ST206_Cplx	NA	NA	1	0	0.0000	0
6807	NA	NA	NA	2	0	0.0000	0
6816	NA	NA	NA	1	0	0.0000	0
6823	NA	NA	NA	2	0	0.0000	0
6824	NA	NA	NA	1	0	0.0000	0
6834	NA	NA	NA	2	0	0.0000	0
6837	NA	NA	NA	2	0	0.0000	0
6841	ST23_Cplx	NA	NA	4	0	0.0000	0
6845	NA	NA	NA	1	0	0.0000	0
6848	ST73_Cplx	NA	NA	1	0	0.0000	0
6850	NA	NA	NA	1	0	0.0000	0
6852	NA	NA	NA	2	0	0.0000	0
6856	NA	NA	NA	4	0	0.0000	0
6858	NA	NA	NA	3	0	0.0000	0
6866	NA	NA	NA	1	0	0.0000	0
6869	ST29_Cplx	NA	NA	1	0	0.0000	0
6872	NA	NA	NA	1	0	0.0000	0
6876	NA	NA	NA	2	0	0.0000	0
6878	NA	NA	NA	1	0	0.0000	0
6879	NA	NA	NA	1	0	0.0000	0
6880	NA	B2	1.000	9	0	0.0000	0
6886	ST131_Cplx	NA	NA	1	0	0.0000	0
6902	ST23_Cplx	NA	NA	1	0	0.0000	0
6907	NA	NA	NA	1	0	0.0000	0
6916	ST245_Cplx	NA	NA	1	0	0.0000	0
6918	ST245_Cplx	NA	NA	2	0	0.0000	0
6921	ST156_Cplx	NA	NA	2	0	0.0000	0
6954	NA	NA	NA	3	0	0.0000	0
6956	ST11_Cplx	E	1.000	1	0	0.0000	0
6958	NA	NA	NA	1	0	0.0000	0
6968	NA	NA	NA	1	0	0.0000	0
6973	NA	NA	NA	1	0	0.0000	0
6975	NA	NA	NA	1	0	0.0000	0
6984	NA	NA	NA	1	0	0.0000	0
6987	NA	NA	NA	1	0	0.0000	0
6989	NA	NA	NA	1	0	0.0000	0
6992	NA	NA	NA	1	0	0.0000	0
6994	NA	NA	NA	2	0	0.0000	0
6998	NA	NA	NA	1	0	0.0000	0
6999	ST95_Cplx	NA	NA	1	0	0.0000	0
7003	NA	NA	NA	1	0	0.0000	0
7005	ST11_Cplx	E	1.000	1	0	0.0000	0
7006	ST11_Cplx	E	1.000	2	0	0.0000	0
7008	NA	NA	NA	2	0	0.0000	0
7010	NA	NA	NA	9	1	0.1111	1
7013	NA	NA	NA	1	0	0.0000	0
7020	NA	NA	NA	2	0	0.0000	0
7025	ST206_Cplx	NA	NA	1	0	0.0000	0
7026	NA	B1	1.000	2	0	0.0000	0
7030	NA	NA	NA	2	0	0.0000	0
7031	ST32_Cplx	E	1.000	2	0	0.0000	0
7032	NA	NA	NA	2	0	0.0000	0
7039	ST245_Cplx	NA	NA	3	0	0.0000	0
7040	NA	NA	NA	1	0	0.0000	0
7044	ST243_Cplx	NA	NA	1	0	0.0000	0
7073	NA	NA	NA	1	0	0.0000	0
7074	NA	NA	NA	1	0	0.0000	0
7075	NA	NA	NA	2	0	0.0000	0
7077	NA	NA	NA	25	0	0.0000	0
7079	NA	NA	NA	1	0	0.0000	0
7083	NA	NA	NA	2	0	0.0000	0
7084	NA	NA	NA	2	0	0.0000	0
7088	ST155_Cplx	NA	NA	1	0	0.0000	0
7092	NA	NA	NA	5	5	1.0000	5
7093	NA	NA	NA	1	0	0.0000	0
7095	NA	NA	NA	11	0	0.0000	0
7096	NA	NA	NA	2	0	0.0000	0
7097	NA	NA	NA	10	0	0.0000	0
7098	NA	NA	NA	4	0	0.0000	0
7100	NA	NA	NA	5	0	0.0000	0
7102	NA	NA	NA	4	0	0.0000	0
7116	NA	NA	NA	2	0	0.0000	0
7118	NA	NA	NA	1	0	0.0000	0
7122	ST10_Cplx	NA	NA	1	0	0.0000	0
7124	NA	NA	NA	1	0	0.0000	0
7135	NA	NA	NA	1	0	0.0000	0
7139	NA	NA	NA	2	0	0.0000	0
7143	NA	NA	NA	1	1	1.0000	1
7156	NA	NA	NA	3	0	0.0000	0
7164	NA	NA	NA	1	0	0.0000	0
7169	NA	NA	NA	1	0	0.0000	0
7174	NA	NA	NA	3	0	0.0000	0
7193	NA	NA	NA	1	0	0.0000	0
7197	NA	NA	NA	1	0	0.0000	0
7208	NA	NA	NA	1	0	0.0000	0
7210	NA	NA	NA	1	0	0.0000	0
7211	ST20_Cplx	NA	NA	2	0	0.0000	0
7214	ST131_Cplx	NA	NA	1	0	0.0000	0
7217	NA	NA	NA	6	0	0.0000	0
7221	ST131_Cplx	NA	NA	1	0	0.0000	0
7223	NA	NA	NA	1	0	0.0000	0
7224	NA	NA	NA	1	0	0.0000	0
7225	ST86_Cplx	NA	NA	1	0	0.0000	0
7228	ST38_Cplx	NA	NA	1	0	0.0000	0
7229	ST29_Cplx	NA	NA	2	0	0.0000	0
7233	NA	NA	NA	1	0	0.0000	0
7237	ST20_Cplx	NA	NA	1	0	0.0000	0
7242	NA	NA	NA	1	0	0.0000	0
7246	NA	NA	NA	2	0	0.0000	0
7249	NA	NA	NA	1	0	0.0000	0
7250	NA	NA	NA	1	0	0.0000	0
7254	NA	NA	NA	2	0	0.0000	0
7255	NA	NA	NA	1	0	0.0000	0
7256	NA	NA	NA	3	0	0.0000	0
7258	NA	NA	NA	1	0	0.0000	0
7259	NA	NA	NA	1	0	0.0000	0
7261	ST155_Cplx	NA	NA	2	0	0.0000	0
7266	NA	NA	NA	1	0	0.0000	0
7274	NA	NA	NA	1	0	0.0000	0
7275	NA	NA	NA	1	0	0.0000	0
7277	NA	NA	NA	1	0	0.0000	0
7280	NA	NA	NA	4	0	0.0000	0
7281	ST206_Cplx	NA	NA	1	0	0.0000	0
7284	ST38_Cplx	NA	NA	2	0	0.0000	0
7285	NA	NA	NA	2	0	0.0000	0
7288	ST86_Cplx	NA	NA	1	0	0.0000	0
7290	NA	NA	NA	1	0	0.0000	0
7292	ST155_Cplx	NA	NA	1	0	0.0000	0
7301	NA	NA	NA	1	0	0.0000	0
7302	NA	NA	NA	2	0	0.0000	0
7303	ST205_Cplx	NA	NA	2	0	0.0000	0
7306	NA	NA	NA	2	0	0.0000	0
7308	NA	NA	NA	2	0	0.0000	0
7312	NA	NA	NA	1	0	0.0000	0
7313	NA	NA	NA	1	0	0.0000	0
7316	NA	NA	NA	2	0	0.0000	0
7317	NA	NA	NA	1	0	0.0000	0
7320	NA	NA	NA	7	0	0.0000	0
7321	NA	NA	NA	5	0	0.0000	0
7324	NA	NA	NA	3	0	0.0000	0
7325	NA	NA	NA	1	0	0.0000	0
7326	NA	NA	NA	1	0	0.0000	0
7327	NA	NA	NA	1	0	0.0000	0
7328	NA	NA	NA	1	0	0.0000	0
7338	NA	NA	NA	1	0	0.0000	0
7339	ST59_Cplx	NA	NA	1	0	0.0000	0
7340	NA	NA	NA	1	0	0.0000	0
7344	NA	NA	NA	1	0	0.0000	0
7346	NA	NA	NA	1	0	0.0000	0
7353	ST168_Cplx	NA	NA	1	0	0.0000	0
7354	NA	NA	NA	1	0	0.0000	0
7355	NA	NA	NA	7	0	0.0000	0
7357	NA	NA	NA	1	0	0.0000	0
7360	NA	NA	NA	1	0	0.0000	0
7363	NA	NA	NA	1	0	0.0000	0
7366	NA	NA	NA	1	0	0.0000	0
7373	ST152_Cplx	NA	NA	3	0	0.0000	0
7374	NA	NA	NA	1	0	0.0000	0
7382	NA	NA	NA	1	0	0.0000	0
7392	NA	NA	NA	1	0	0.0000	0
7394	NA	NA	NA	1	0	0.0000	0
7396	NA	NA	NA	1	0	0.0000	0
7397	NA	NA	NA	1	0	0.0000	0
7400	NA	NA	NA	1	0	0.0000	0
7403	NA	NA	NA	1	0	0.0000	0
7413	ST32_Cplx	NA	NA	2	0	0.0000	0
7421	NA	NA	NA	1	0	0.0000	0
7422	ST73_Cplx	NA	NA	1	1	1.0000	1
7424	NA	NA	NA	1	0	0.0000	0
7427	NA	NA	NA	1	0	0.0000	0
7444	ST11_Cplx	E	1.000	3	0	0.0000	0
7447	NA	NA	NA	1	0	0.0000	0
7448	NA	NA	NA	1	0	0.0000	0
7449	NA	NA	NA	1	0	0.0000	0
7450	NA	NA	NA	1	0	0.0000	0
7451	NA	NA	NA	1	0	0.0000	0
7452	NA	NA	NA	1	0	0.0000	0
7454	ST206_Cplx	NA	NA	1	0	0.0000	0
7457	NA	NA	NA	7	0	0.0000	0
7474	NA	NA	NA	7	0	0.0000	0
7475	NA	NA	NA	1	0	0.0000	0
7483	NA	NA	NA	2	0	0.0000	0
7484	NA	NA	NA	1	0	0.0000	0
7487	ST349_Cplx	NA	NA	1	0	0.0000	0
7488	ST23_Cplx	NA	NA	1	0	0.0000	0
7492	ST20_Cplx	NA	NA	3	0	0.0000	0
7504	NA	NA	NA	1	0	0.0000	0
7513	NA	NA	NA	1	0	0.0000	0
7515	ST405_Cplx	NA	NA	1	0	0.0000	0
7516	NA	NA	NA	1	0	0.0000	0
7519	ST131_Cplx	NA	NA	2	0	0.0000	0
7520	ST73_Cplx	NA	NA	1	1	1.0000	1
7523	ST12_Cplx	NA	NA	1	1	1.0000	1
7524	NA	NA	NA	1	0	0.0000	0
7527	NA	NA	NA	7	0	0.0000	0
7529	ST155_Cplx	NA	NA	2	0	0.0000	0
7539	ST23_Cplx	NA	NA	1	0	0.0000	0
7543	NA	NA	NA	1	0	0.0000	0
7544	NA	NA	NA	1	0	0.0000	0
7552	NA	NA	NA	1	0	0.0000	0
7554	NA	NA	NA	1	0	0.0000	0
7555	NA	NA	NA	1	0	0.0000	0
7556	NA	NA	NA	1	0	0.0000	0
7557	NA	NA	NA	1	0	0.0000	0
7558	NA	NA	NA	1	0	0.0000	0
7559	NA	NA	NA	1	0	0.0000	0
7561	NA	NA	NA	1	0	0.0000	0
7563	NA	NA	NA	1	0	0.0000	0
7564	NA	NA	NA	1	0	0.0000	0
7565	NA	NA	NA	1	0	0.0000	0
7566	NA	NA	NA	1	0	0.0000	0
7567	NA	NA	NA	1	0	0.0000	0
7568	NA	NA	NA	1	0	0.0000	0
7569	NA	NA	NA	1	0	0.0000	0
7580	NA	NA	NA	1	0	0.0000	0
7581	NA	NA	NA	20	0	0.0000	0
7583	ST11_Cplx	NA	NA	1	0	0.0000	0
7584	NA	NA	NA	1	0	0.0000	0
7588	NA	NA	NA	1	0	0.0000	0
7590	NA	NA	NA	2	0	0.0000	0
7601	NA	NA	NA	1	0	0.0000	0
7606	NA	NA	NA	2	0	0.0000	0
7616	NA	NA	NA	1	0	0.0000	0
7624	NA	NA	NA	1	0	0.0000	0
7627	NA	NA	NA	1	0	0.0000	0
7633	ST152_Cplx	NA	NA	1	0	0.0000	0
7640	NA	NA	NA	1	0	0.0000	0
7641	NA	B2	1.000	1	0	0.0000	0
7652	NA	NA	NA	2	0	0.0000	0
7668	NA	NA	NA	1	0	0.0000	0
7670	NA	NA	NA	1	0	0.0000	0
7671	NA	NA	NA	1	0	0.0000	0
7673	NA	NA	NA	1	0	0.0000	0
7674	NA	NA	NA	1	0	0.0000	0
7681	NA	NA	NA	1	0	0.0000	0
7682	NA	NA	NA	1	0	0.0000	0
7683	NA	NA	NA	2	0	0.0000	0
7701	NA	NA	NA	1	0	0.0000	0
7703	ST122_Cplx	B2	1.000	2	0	0.0000	0
7705	NA	NA	NA	1	0	0.0000	0
7706	NA	NA	NA	1	0	0.0000	0
7708	NA	NA	NA	9	0	0.0000	0
7712	ST32_Cplx	NA	NA	1	0	0.0000	0
7713	NA	NA	NA	1	0	0.0000	0
7714	NA	B1	1.000	5	0	0.0000	0
7715	NA	NA	NA	17	0	0.0000	0
7723	NA	NA	NA	1	0	0.0000	0
7729	NA	NA	NA	2	0	0.0000	0
7734	NA	NA	NA	1	0	0.0000	0
7735	NA	NA	NA	1	0	0.0000	0
7784	ST11_Cplx	NA	NA	2	0	0.0000	0
7785	NA	NA	NA	1	0	0.0000	0
7799	NA	NA	NA	2	0	0.0000	0
7801	NA	NA	NA	1	0	0.0000	0
7804	NA	NA	NA	3	0	0.0000	0
7805	NA	NA	NA	1	0	0.0000	0
7806	ST11_Cplx	NA	NA	1	0	0.0000	0
7808	NA	NA	NA	1	0	0.0000	0
7809	NA	NA	NA	4	0	0.0000	0
7810	NA	NA	NA	1	0	0.0000	0
7811	NA	NA	NA	2	0	0.0000	0
7812	NA	NA	NA	1	0	0.0000	0
7815	NA	NA	NA	1	0	0.0000	0
7827	NA	NA	NA	1	0	0.0000	0
7835	ST20_Cplx	NA	NA	1	0	0.0000	0
7837	ST245_Cplx	NA	NA	1	0	0.0000	0
7848	NA	NA	NA	1	0	0.0000	0
7858	NA	NA	NA	1	0	0.0000	0
7861	ST29_Cplx	B1	1.000	2	0	0.0000	0
7894	ST278_Cplx	NA	NA	1	0	0.0000	0
7936	NA	NA	NA	1	0	0.0000	0
7937	NA	NA	NA	1	0	0.0000	0
7939	NA	NA	NA	1	0	0.0000	0
7940	NA	NA	NA	1	0	0.0000	0
7941	NA	NA	NA	1	0	0.0000	0
7953	NA	B1	1.000	3	0	0.0000	0
7955	ST205_Cplx	NA	NA	1	0	0.0000	0
7961	NA	NA	NA	2	0	0.0000	0
7962	ST38_Cplx	NA	NA	1	0	0.0000	0
7970	NA	NA	NA	1	0	0.0000	0
7973	NA	NA	NA	2	0	0.0000	0
7974	NA	NA	NA	1	0	0.0000	0
7982	NA	NA	NA	1	0	0.0000	0
7984	ST350_Cplx	NA	NA	1	0	0.0000	0
7987	NA	NA	NA	1	0	0.0000	0
8005	NA	NA	NA	1	0	0.0000	0
8010	NA	NA	NA	1	1	1.0000	1
8012	NA	NA	NA	1	0	0.0000	0
8026	NA	NA	NA	1	0	0.0000	0
8027	ST86_Cplx	NA	NA	2	0	0.0000	0
8052	NA	NA	NA	1	0	0.0000	0
8058	NA	NA	NA	1	0	0.0000	0
8063	ST11_Cplx	NA	NA	1	0	0.0000	0
8064	NA	NA	NA	1	0	0.0000	0
8065	NA	NA	NA	1	0	0.0000	0
8067	NA	NA	NA	1	0	0.0000	0
8076	NA	NA	NA	2	0	0.0000	0
8087	NA	NA	NA	3	0	0.0000	0
8097	NA	NA	NA	1	0	0.0000	0
8118	NA	NA	NA	2	0	0.0000	0
8121	NA	NA	NA	2	0	0.0000	0
8124	NA	NA	NA	1	0	0.0000	0
8125	NA	NA	NA	2	0	0.0000	0
8126	NA	NA	NA	1	0	0.0000	0
8131	NA	NA	NA	9	0	0.0000	0
8134	NA	NA	NA	2	0	0.0000	0
8135	NA	NA	NA	1	0	0.0000	0
8138	NA	NA	NA	1	0	0.0000	0
8141	ST156_Cplx	NA	NA	1	0	0.0000	0
8142	NA	NA	NA	1	0	0.0000	0
8144	ST350_Cplx	NA	NA	1	0	0.0000	0
8148	NA	NA	NA	1	0	0.0000	0
8149	NA	NA	NA	11	0	0.0000	0
8155	NA	NA	NA	1	1	1.0000	1
8161	NA	NA	NA	1	0	0.0000	0
8174	NA	NA	NA	1	0	0.0000	0
8175	NA	NA	NA	1	0	0.0000	0
8184	NA	NA	NA	2	0	0.0000	0
8186	NA	NA	NA	1	0	0.0000	0
8189	ST131_Cplx	NA	NA	1	0	0.0000	0
8194	NA	NA	NA	2	0	0.0000	0
8202	ST23_Cplx	NA	NA	1	0	0.0000	0
8205	NA	NA	NA	1	0	0.0000	0
8206	ST469_Cplx	NA	NA	1	0	0.0000	0
8207	NA	NA	NA	1	0	0.0000	0
8211	NA	NA	NA	2	0	0.0000	0
8215	ST29_Cplx	NA	NA	1	0	0.0000	0
8216	ST86_Cplx	NA	NA	1	0	0.0000	0
8219	NA	NA	NA	1	0	0.0000	0
8224	NA	NA	NA	1	0	0.0000	0
8225	ST32_Cplx	NA	NA	1	0	0.0000	0
8226	NA	NA	NA	1	0	0.0000	0
8229	NA	NA	NA	1	0	0.0000	0
8230	NA	NA	NA	1	0	0.0000	0
8231	NA	NA	NA	1	0	0.0000	0
8234	NA	NA	NA	1	0	0.0000	0
8235	NA	NA	NA	1	0	0.0000	0
8237	NA	NA	NA	1	0	0.0000	0
8239	NA	NA	NA	1	0	0.0000	0
8246	ST101_Cplx	NA	NA	1	0	0.0000	0
8249	ST95_Cplx	NA	NA	1	1	1.0000	1
8251	NA	NA	NA	1	0	0.0000	0
8255	NA	NA	NA	1	1	1.0000	1
8256	NA	NA	NA	1	0	0.0000	0
8263	NA	NA	NA	1	0	0.0000	0
8264	NA	NA	NA	2	0	0.0000	0
8266	NA	NA	NA	1	0	0.0000	0
8270	NA	B1	1.000	5	0	0.0000	0
8271	ST469_Cplx	NA	NA	1	0	0.0000	0
8273	NA	NA	NA	1	0	0.0000	0
8274	NA	NA	NA	4	0	0.0000	0
8277	NA	NA	NA	1	0	0.0000	0
8278	NA	NA	NA	2	0	0.0000	0
8280	NA	A	1.000	2	0	0.0000	0
8287	NA	NA	NA	1	0	0.0000	0
8290	NA	B2	1.000	3	3	1.0000	3
8291	NA	NA	NA	2	0	0.0000	0
8292	ST243_Cplx	NA	NA	1	0	0.0000	0
8294	NA	NA	NA	2	0	0.0000	0
8300	NA	A	1.000	1	0	0.0000	0
8304	ST206_Cplx	NA	NA	2	0	0.0000	0
8307	NA	NA	NA	2	0	0.0000	0
8317	NA	NA	NA	1	0	0.0000	0
8318	NA	NA	NA	1	0	0.0000	0
8324	NA	NA	NA	1	0	0.0000	0
8326	ST245_Cplx	NA	NA	2	0	0.0000	0
8337	NA	NA	NA	3	0	0.0000	0
8341	ST11_Cplx	E	1.000	2	0	0.0000	0
8342	NA	NA	NA	1	0	0.0000	0
8344	NA	NA	NA	1	0	0.0000	0
8350	NA	NA	NA	1	0	0.0000	0
8356	NA	NA	NA	3	0	0.0000	0
8358	NA	NA	NA	1	0	0.0000	0
8369	NA	NA	NA	5	0	0.0000	0
8371	NA	NA	NA	2	0	0.0000	0
8375	NA	NA	NA	1	0	0.0000	0
8378	NA	NA	NA	1	0	0.0000	0
8385	NA	NA	NA	1	1	1.0000	1
8386	NA	NA	NA	1	0	0.0000	0
8393	NA	NA	NA	1	0	0.0000	0
8394	NA	NA	NA	1	0	0.0000	0
8395	NA	NA	NA	3	0	0.0000	0
8396	NA	NA	NA	2	0	0.0000	0
8402	NA	NA	NA	1	0	0.0000	0
8405	NA	NA	NA	2	0	0.0000	0
8409	NA	NA	NA	1	0	0.0000	0
8411	NA	NA	NA	1	0	0.0000	0
8412	NA	NA	NA	2	0	0.0000	0
8414	NA	NA	NA	1	0	0.0000	0
8417	NA	NA	NA	1	1	1.0000	1
8418	NA	NA	NA	1	0	0.0000	0
8422	NA	B1	1.000	2	0	0.0000	0
8423	NA	NA	NA	2	2	1.0000	2
8424	NA	NA	NA	1	0	0.0000	0
8425	NA	NA	NA	1	0	0.0000	0
8426	NA	NA	NA	1	0	0.0000	0
8427	NA	NA	NA	1	0	0.0000	0
8428	NA	NA	NA	1	0	0.0000	0
8431	NA	NA	NA	1	0	0.0000	0
8433	NA	NA	NA	1	0	0.0000	0
8434	NA	NA	NA	1	0	0.0000	0
8435	NA	NA	NA	1	0	0.0000	0
8443	NA	NA	NA	1	0	0.0000	0
8444	NA	NA	NA	1	0	0.0000	0
8447	NA	NA	NA	1	0	0.0000	0
8449	NA	NA	NA	2	0	0.0000	0
8457	NA	NA	NA	1	1	1.0000	1
8458	NA	NA	NA	1	0	0.0000	0
8459	NA	NA	NA	1	0	0.0000	0
8460	NA	NA	NA	1	0	0.0000	0
8462	NA	NA	NA	3	0	0.0000	0
8464	NA	NA	NA	1	0	0.0000	0
8465	NA	NA	NA	2	0	0.0000	0
8466	NA	NA	NA	1	0	0.0000	0
8468	NA	NA	NA	1	0	0.0000	0
8472	NA	NA	NA	1	0	0.0000	0
8473	NA	NA	NA	1	0	0.0000	0
8486	NA	NA	NA	10	0	0.0000	0
8493	NA	NA	NA	1	0	0.0000	0
8497	NA	NA	NA	1	0	0.0000	0
8498	NA	NA	NA	1	0	0.0000	0
8508	NA	NA	NA	2	0	0.0000	0
8510	NA	E	1.000	1	0	0.0000	0
8511	NA	NA	NA	1	0	0.0000	0
8512	NA	NA	NA	1	0	0.0000	0
8514	NA	NA	NA	1	0	0.0000	0
8516	NA	NA	NA	1	0	0.0000	0
8518	NA	NA	NA	1	0	0.0000	1
8521	NA	NA	NA	1	0	0.0000	0
8529	NA	NA	NA	1	0	0.0000	0
8531	NA	NA	NA	1	1	1.0000	1
8534	NA	NA	NA	1	0	0.0000	0
8538	NA	NA	NA	1	0	0.0000	0
8540	NA	NA	NA	1	0	0.0000	0
8541	NA	NA	NA	1	0	0.0000	0
8542	NA	NA	NA	1	0	0.0000	0
8543	NA	NA	NA	1	0	0.0000	0
8544	NA	NA	NA	1	0	0.0000	0
8555	NA	NA	NA	2	0	0.0000	0
8556	NA	NA	NA	2	0	0.0000	0
8557	NA	NA	NA	1	0	0.0000	0
8563	NA	NA	NA	1	0	0.0000	0
8564	NA	NA	NA	3	0	0.0000	0
8565	NA	NA	NA	1	0	0.0000	0
8573	NA	NA	NA	1	0	0.0000	0
8577	NA	NA	NA	1	0	0.0000	0
8579	NA	NA	NA	4	0	0.0000	0
8580	NA	NA	NA	1	0	0.0000	0
8581	NA	NA	NA	1	0	0.0000	0
8584	NA	NA	NA	1	0	0.0000	0
8586	NA	NA	NA	1	0	0.0000	0
8587	NA	NA	NA	1	0	0.0000	0
8588	NA	NA	NA	2	0	0.0000	0
8589	NA	NA	NA	1	0	0.0000	0
8590	NA	NA	NA	1	0	0.0000	0
8596	NA	NA	NA	1	0	0.0000	0
8601	NA	NA	NA	1	0	0.0000	0
8603	NA	NA	NA	1	0	0.0000	0
8605	NA	NA	NA	1	0	0.0000	0
8607	NA	NA	NA	1	0	0.0000	0
8609	NA	NA	NA	1	0	0.0000	0
8611	NA	NA	NA	2	0	0.0000	0
8612	NA	NA	NA	1	0	0.0000	0
8613	NA	NA	NA	2	0	0.0000	0
8614	NA	NA	NA	1	0	0.0000	0
8616	NA	NA	NA	1	0	0.0000	0
8617	NA	NA	NA	1	0	0.0000	0
8620	NA	NA	NA	2	0	0.0000	0
8624	NA	NA	NA	1	0	0.0000	0
8627	NA	NA	NA	1	0	0.0000	0
8633	NA	NA	NA	1	1	1.0000	1
8636	NA	NA	NA	2	0	0.0000	0
8637	NA	NA	NA	1	0	0.0000	0
8642	NA	NA	NA	1	0	0.0000	0
8646	NA	NA	NA	1	0	0.0000	0
8648	NA	NA	NA	1	0	0.0000	0
8650	NA	NA	NA	1	0	0.0000	0
8652	NA	NA	NA	1	0	0.0000	0
8653	NA	NA	NA	4	0	0.0000	0
8677	NA	NA	NA	2	0	0.0000	0
8689	NA	NA	NA	1	0	0.0000	0
8690	NA	NA	NA	1	0	0.0000	0
8740	NA	NA	NA	1	0	0.0000	0
8746	NA	NA	NA	4	0	0.0000	0
8762	NA	NA	NA	2	0	0.0000	0
8764	NA	NA	NA	1	0	0.0000	0
8818	NA	NA	NA	1	0	0.0000	0
8863	NA	NA	NA	2	0	0.0000	0
8867	NA	NA	NA	1	0	0.0000	0
8886	NA	NA	NA	12	0	0.0000	0
8887	NA	NA	NA	1	0	0.0000	0
8888	NA	NA	NA	2	0	0.0000	0
8898	NA	NA	NA	1	0	0.0000	0
8900	NA	NA	NA	1	0	0.0000	0
8903	NA	NA	NA	1	0	0.0000	0
8904	NA	NA	NA	1	0	0.0000	0
8907	NA	NA	NA	1	0	0.0000	0
8908	NA	NA	NA	1	0	0.0000	0
8911	NA	NA	NA	1	0	0.0000	0
8912	NA	NA	NA	1	0	0.0000	0
8920	NA	NA	NA	2	0	0.0000	0
8921	NA	NA	NA	2	0	0.0000	0
8923	NA	NA	NA	9	0	0.0000	0
8924	NA	NA	NA	4	0	0.0000	0
8926	NA	NA	NA	4	0	0.0000	0
8927	NA	NA	NA	2	0	0.0000	0
8933	NA	NA	NA	1	0	0.0000	0
8936	NA	NA	NA	1	0	0.0000	0
8937	NA	NA	NA	4	0	0.0000	0
8938	NA	NA	NA	4	0	0.0000	0
8939	NA	NA	NA	2	0	0.0000	0
8947	NA	NA	NA	1	0	0.0000	0
8948	NA	NA	NA	1	0	0.0000	0
8949	NA	NA	NA	2	0	0.0000	0
8951	NA	NA	NA	4	0	0.0000	0
8953	NA	NA	NA	1	0	0.0000	0
8957	NA	NA	NA	2	0	0.0000	0
8959	NA	NA	NA	2	0	0.0000	0
8973	NA	NA	NA	4	0	0.0000	0
8974	NA	NA	NA	2	0	0.0000	0
8976	NA	NA	NA	1	0	0.0000	0
8977	NA	NA	NA	1	0	0.0000	0
8978	NA	NA	NA	3	3	1.0000	3
8979	NA	NA	NA	2	0	0.0000	0
8984	NA	NA	NA	3	0	0.0000	0
8987	NA	NA	NA	2	0	0.0000	0
8988	NA	NA	NA	1	0	0.0000	0
8989	NA	NA	NA	1	0	0.0000	0
8990	NA	NA	NA	1	1	1.0000	1
8991	NA	NA	NA	1	0	0.0000	0
8996	NA	NA	NA	1	0	0.0000	0
8998	NA	NA	NA	1	0	0.0000	0
9000	NA	NA	NA	1	0	0.0000	0
9004	NA	NA	NA	1	0	0.0000	0
9005	NA	NA	NA	1	0	0.0000	0
9006	NA	NA	NA	1	0	0.0000	0
9011	NA	NA	NA	1	0	0.0000	0
9014	NA	NA	NA	4	0	0.0000	0
9015	NA	NA	NA	1	0	0.0000	0
9063	NA	NA	NA	1	0	0.0000	0
9064	NA	NA	NA	1	0	0.0000	0
9065	NA	NA	NA	1	0	0.0000	0
9066	NA	NA	NA	1	0	0.0000	0
9067	NA	NA	NA	1	0	0.0000	0
9068	NA	NA	NA	1	0	0.0000	0
9069	NA	NA	NA	6	0	0.0000	0
9074	NA	NA	NA	2	0	0.0000	0
9092	NA	NA	NA	1	0	0.0000	0
9093	NA	NA	NA	2	0	0.0000	0
9094	NA	NA	NA	1	0	0.0000	0
9119	NA	NA	NA	1	0	0.0000	0
9120	NA	NA	NA	1	0	0.0000	0
9135	NA	NA	NA	1	0	0.0000	0
9138	NA	NA	NA	11	0	0.0000	0
9158	NA	NA	NA	2	0	0.0000	0
9176	NA	NA	NA	1	0	0.0000	0
9184	NA	NA	NA	1	0	0.0000	0
9186	NA	NA	NA	3	0	0.0000	0
9270	NA	NA	NA	1	0	0.0000	0
9271	NA	NA	NA	1	0	0.0000	0
9272	NA	NA	NA	1	0	0.0000	0
9315	NA	NA	NA	4	0	0.0000	0
9388	NA	NA	NA	1	0	0.0000	0
9421	NA	NA	NA	1	0	0.0000	0
9431	NA	NA	NA	1	0	0.0000	0
9432	NA	NA	NA	1	0	0.0000	0
9435	NA	NA	NA	1	0	0.0000	0
9438	NA	NA	NA	1	0	0.0000	0
9439	NA	NA	NA	1	0	0.0000	0
9440	NA	NA	NA	1	0	0.0000	0
9441	NA	NA	NA	12	0	0.0000	0
9442	NA	NA	NA	2	0	0.0000	0
9443	NA	NA	NA	2	0	0.0000	0
9444	NA	NA	NA	1	0	0.0000	0
9446	NA	NA	NA	1	0	0.0000	0
9450	NA	NA	NA	1	0	0.0000	0
9451	NA	NA	NA	1	0	0.0000	0
9452	NA	NA	NA	1	0	0.0000	0
9453	NA	NA	NA	1	0	0.0000	0
9454	NA	NA	NA	1	0	0.0000	0
9455	NA	NA	NA	1	0	0.0000	0
9457	NA	NA	NA	1	0	0.0000	0
9459	NA	NA	NA	1	0	0.0000	0
9460	NA	NA	NA	1	0	0.0000	0
9463	NA	NA	NA	1	0	0.0000	0
9479	NA	NA	NA	2	0	0.0000	0
9481	NA	NA	NA	1	0	0.0000	0
9498	NA	NA	NA	2	0	0.0000	0
9500	NA	NA	NA	1	0	0.0000	0
9501	NA	NA	NA	1	0	0.0000	0
9502	NA	NA	NA	1	0	0.0000	0
9503	NA	NA	NA	1	0	0.0000	0
9504	NA	NA	NA	1	0	0.0000	0
9505	NA	NA	NA	1	0	0.0000	0
9506	NA	NA	NA	2	0	0.0000	0
9507	NA	NA	NA	1	0	0.0000	0
9513	NA	NA	NA	1	0	0.0000	0
9515	NA	NA	NA	1	0	0.0000	0
9516	NA	NA	NA	1	0	0.0000	0
9517	NA	NA	NA	1	0	0.0000	0
9518	NA	NA	NA	1	0	0.0000	0
9521	NA	NA	NA	1	0	0.0000	0
9522	NA	NA	NA	1	0	0.0000	0
9523	NA	NA	NA	2	0	0.0000	0
9529	NA	NA	NA	1	0	0.0000	0
9532	NA	NA	NA	1	0	0.0000	0
9533	NA	NA	NA	1	0	0.0000	0
9534	NA	NA	NA	1	0	0.0000	0
9535	NA	NA	NA	1	0	0.0000	0
9537	NA	NA	NA	1	0	0.0000	0
9539	NA	NA	NA	1	0	0.0000	0
9541	NA	NA	NA	3	0	0.0000	0
9542	NA	NA	NA	2	0	0.0000	0
9543	NA	NA	NA	1	0	0.0000	0
9544	NA	NA	NA	1	0	0.0000	0
9545	NA	NA	NA	1	0	0.0000	0
9548	NA	NA	NA	1	0	0.0000	0
9549	NA	NA	NA	1	0	0.0000	0
9552	NA	NA	NA	1	0	0.0000	0
9555	NA	NA	NA	1	0	0.0000	0
9556	NA	NA	NA	1	0	0.0000	0
9557	NA	NA	NA	1	0	0.0000	1
9559	NA	NA	NA	1	0	0.0000	0
9560	NA	NA	NA	1	0	0.0000	0
9562	NA	NA	NA	1	0	0.0000	0
9563	NA	NA	NA	1	0	0.0000	0
9564	NA	NA	NA	1	0	0.0000	0
9566	NA	NA	NA	1	0	0.0000	0
9578	NA	NA	NA	1	0	0.0000	0
9579	NA	NA	NA	1	0	0.0000	0
9581	NA	NA	NA	1	0	0.0000	0
9582	NA	NA	NA	2	0	0.0000	0
9583	NA	NA	NA	1	0	0.0000	0
9590	NA	NA	NA	1	0	0.0000	0
9592	NA	NA	NA	4	0	0.0000	0
9593	NA	NA	NA	1	0	0.0000	0
9594	NA	NA	NA	1	0	0.0000	0
9596	NA	NA	NA	1	0	0.0000	0
9601	NA	NA	NA	1	0	0.0000	0
9602	NA	NA	NA	1	0	0.0000	0
9603	NA	NA	NA	1	0	0.0000	0
9607	NA	NA	NA	1	0	0.0000	0
9610	NA	NA	NA	1	0	0.0000	0
9611	NA	NA	NA	1	0	0.0000	0
9613	NA	NA	NA	1	0	0.0000	0
9615	NA	NA	NA	1	0	0.0000	0
9617	NA	NA	NA	1	0	0.0000	0
9619	NA	NA	NA	1	0	0.0000	0
9623	NA	NA	NA	1	0	0.0000	0
9625	NA	NA	NA	1	0	0.0000	0
9627	NA	NA	NA	1	0	0.0000	0
9628	NA	NA	NA	1	0	0.0000	0
9637	NA	NA	NA	2	0	0.0000	0
9638	NA	NA	NA	1	0	0.0000	0
9639	NA	NA	NA	1	0	0.0000	0
9640	NA	NA	NA	1	0	0.0000	0
9641	NA	NA	NA	1	0	0.0000	0
9642	NA	NA	NA	2	0	0.0000	0
9644	NA	NA	NA	1	0	0.0000	0
9646	NA	NA	NA	1	0	0.0000	0
9647	NA	NA	NA	1	0	0.0000	0
9648	NA	NA	NA	3	0	0.0000	0
9650	NA	NA	NA	1	0	0.0000	0
9651	NA	NA	NA	1	0	0.0000	0
9652	NA	NA	NA	1	0	0.0000	0
9758	NA	NA	NA	1	0	0.0000	0
9847	NA	NA	NA	2	0	0.0000	0
9848	NA	NA	NA	2	0	0.0000	0
9852	NA	NA	NA	1	0	0.0000	0
9856	NA	NA	NA	1	0	0.0000	0
9895	NA	NA	NA	1	0	0.0000	0
10211	NA	NA	NA	1	0	0.0000	0
10212	NA	NA	NA	1	1	1.0000	1
10215	NA	NA	NA	1	0	0.0000	0
10216	NA	NA	NA	1	0	0.0000	0
10217	NA	NA	NA	1	0	0.0000	0
10218	NA	NA	NA	1	0	0.0000	0
10219	NA	NA	NA	1	0	0.0000	0
10220	NA	NA	NA	1	0	0.0000	0
10221	NA	NA	NA	1	0	0.0000	0
10222	NA	NA	NA	1	1	1.0000	1
10224	NA	NA	NA	1	1	1.0000	1
10226	NA	NA	NA	1	0	0.0000	0
10227	NA	NA	NA	1	0	0.0000	0
10228	NA	NA	NA	1	0	0.0000	0
10229	NA	NA	NA	1	0	0.0000	0
10232	NA	NA	NA	1	0	0.0000	0
10236	NA	NA	NA	1	1	1.0000	1
10237	NA	NA	NA	2	2	1.0000	2
10241	NA	NA	NA	1	1	1.0000	1
10246	NA	NA	NA	1	0	0.0000	0
10247	NA	NA	NA	1	0	0.0000	0
10248	NA	NA	NA	1	0	0.0000	0
10249	NA	NA	NA	1	0	0.0000	0
10250	NA	NA	NA	1	1	1.0000	1
10251	NA	NA	NA	1	1	1.0000	1
10252	NA	NA	NA	2	2	1.0000	2
10253	NA	NA	NA	1	1	1.0000	1
10255	NA	NA	NA	1	0	0.0000	0
10257	NA	NA	NA	1	0	0.0000	0
10259	NA	NA	NA	1	1	1.0000	1
10260	NA	NA	NA	1	1	1.0000	1
10262	NA	NA	NA	1	0	0.0000	0
10263	NA	NA	NA	1	1	1.0000	1
10264	NA	NA	NA	1	1	1.0000	1
10265	NA	NA	NA	1	0	0.0000	0
10266	NA	NA	NA	1	0	0.0000	0
10267	NA	NA	NA	1	1	1.0000	1
10268	NA	NA	NA	1	0	0.0000	0
10269	NA	NA	NA	1	0	0.0000	0
10272	NA	NA	NA	1	0	0.0000	0
10273	NA	NA	NA	1	0	0.0000	0
10275	NA	NA	NA	1	0	0.0000	0
10276	NA	NA	NA	1	0	0.0000	0
10278	NA	NA	NA	1	1	1.0000	1
10279	NA	NA	NA	1	0	0.0000	0
10281	NA	NA	NA	1	0	0.0000	0
10284	NA	NA	NA	1	0	0.0000	0
10286	NA	NA	NA	1	0	0.0000	0
10287	NA	NA	NA	1	0	0.0000	0
10288	NA	NA	NA	2	0	0.0000	0
10291	NA	NA	NA	1	1	1.0000	1
10293	NA	NA	NA	1	1	1.0000	1
10295	NA	NA	NA	1	1	1.0000	1
10296	NA	NA	NA	1	0	0.0000	0
10297	NA	NA	NA	1	0	0.0000	0
10299	NA	NA	NA	1	1	1.0000	1
10402	NA	NA	NA	1	1	1.0000	1
10403	NA	NA	NA	1	1	1.0000	1
10404	NA	NA	NA	1	0	0.0000	0
10405	NA	NA	NA	1	0	0.0000	0
10408	NA	NA	NA	1	1	1.0000	1
10410	NA	NA	NA	1	1	1.0000	1
10411	NA	NA	NA	1	1	1.0000	1
10412	NA	NA	NA	1	1	1.0000	1
10413	NA	NA	NA	1	1	1.0000	1
10414	NA	NA	NA	1	1	1.0000	1
10415	NA	NA	NA	1	1	1.0000	1
10425	NA	NA	NA	1	0	0.0000	0
10609	NA	NA	NA	1	0	0.0000	0
10649	NA	NA	NA	1	0	0.0000	0
10712	NA	NA	NA	1	0	0.0000	0
10795	NA	NA	NA	1	0	0.0000	0
10808	NA	NA	NA	2	0	0.0000	0
10854	NA	NA	NA	1	0	0.0000	0
10929	NA	NA	NA	1	0	0.0000	0
11025	NA	NA	NA	2	0	0.0000	0
11075	NA	NA	NA	9	0	0.0000	0
11189	NA	NA	NA	4	0	0.0000	0
11213	NA	NA	NA	1	0	0.0000	0
11233	NA	NA	NA	1	0	0.0000	0
11310	NA	NA	NA	1	0	0.0000	0
11418	NA	NA	NA	1	0	0.0000	0
11480	NA	NA	NA	1	0	0.0000	0
11525	NA	NA	NA	1	0	0.0000	0
11658	NA	NA	NA	3	0	0.0000	0
11688	NA	NA	NA	1	0	0.0000	0
11698	NA	NA	NA	2	0	0.0000	0
11774	NA	NA	NA	6	0	0.0000	0
11867	NA	NA	NA	3	0	0.0000	0
11981	NA	NA	NA	1	0	0.0000	0
12285	NA	NA	NA	3	0	0.0000	0
12436	NA	NA	NA	1	0	0.0000	0
12447	NA	NA	NA	2	0	0.0000	0
12450	NA	NA	NA	1	0	0.0000	0
12468	NA	NA	NA	1	0	0.0000	0
12497	NA	NA	NA	1	0	0.0000	0
12780	NA	NA	NA	2	0	0.0000	0
12815	NA	NA	NA	8	0	0.0000	0
13227	NA	NA	NA	1	0	0.0000	0
13368	NA	NA	NA	1	0	0.0000	0
13391	NA	NA	NA	5	0	0.0000	0
13554	NA	NA	NA	1	0	0.0000	0
13556	NA	NA	NA	1	0	0.0000	0
13815	NA	NA	NA	2	0	0.0000	0
13880	NA	NA	NA	1	0	0.0000	0
13900	NA	NA	NA	2	1	0.5000	1
